warehouse_id,warehouse_name,warehouse_type,timestamp,power_kwh,temp_celsius,ambient_temp,compressor_status,door_open_count,defrost_status,inventory_kg,meter_reading
WH-D004,恒温保鲜冷库,恒温库,2026-05-01 00:00:00,60.43,2.86,29.9,1,26,0,10955.0,100760.03
WH-D004,恒温保鲜冷库,恒温库,2026-05-01 01:00:00,53.96,4.0,29.6,1,22,0,11039.0,100814.0
WH-D004,恒温保鲜冷库,恒温库,2026-05-01 02:00:00,60.15,4.0,29.8,1,6,1,10870.0,100874.07
WH-D004,恒温保鲜冷库,恒温库,2026-05-01 03:00:00,54.45,3.17,30.9,1,5,0,10883.0,100928.51
WH-D004,恒温保鲜冷库,恒温库,2026-05-01 04:00:00,56.86,2.16,30.1,1,3,0,10963.0,100985.41
WH-D004,恒温保鲜冷库,恒温库,2026-05-01 05:00:00,48.72,1.85,28.8,1,6,0,11083.0,101034.06
WH-D004,恒温保鲜冷库,恒温库,2026-05-01 06:00:00,56.66,1.72,27.4,1,8,0,11040.0,101090.64
WH-D004,恒温保鲜冷库,恒温库,2026-05-01 07:00:00,55.26,0.84,25.3,1,5,0,11092.0,101145.94
WH-D004,恒温保鲜冷库,恒温库,2026-05-01 08:00:00,50.58,0.65,25.9,1,7,0,11061.0,101196.54
WH-D004,恒温保鲜冷库,恒温库,2026-05-01 09:00:00,55.14,1.14,24.1,1,15,0,10915.0,101251.63
WH-D004,恒温保鲜冷库,恒温库,2026-05-01 10:00:00,57.76,3.78,23.7,1,16,1,11020.0,101309.46
WH-D004,恒温保鲜冷库,恒温库,2026-05-01 11:00:00,52.77,3.63,21.2,1,12,0,11038.0,101362.28
WH-D004,恒温保鲜冷库,恒温库,2026-05-01 12:00:00,47.88,2.83,22.0,1,9,0,11055.0,101410.13
WH-D004,恒温保鲜冷库,恒温库,2026-05-01 13:00:00,41.65,2.65,20.4,1,10,0,11013.0,101451.7
WH-D004,恒温保鲜冷库,恒温库,2026-05-01 14:00:00,52.7,2.96,19.7,1,13,0,11110.0,101504.47
WH-D004,恒温保鲜冷库,恒温库,2026-05-01 15:00:00,39.46,2.31,20.4,1,4,0,11070.0,101543.92
WH-D004,恒温保鲜冷库,恒温库,2026-05-01 16:00:00,43.74,1.78,20.7,1,4,0,10973.0,101587.66
WH-D004,恒温保鲜冷库,恒温库,2026-05-01 17:00:00,51.85,1.86,21.8,1,10,0,11158.0,101639.53
WH-D004,恒温保鲜冷库,恒温库,2026-05-01 18:00:00,66.15,4.0,22.0,1,16,1,11257.0,101705.59
WH-D004,恒温保鲜冷库,恒温库,2026-05-01 19:00:00,53.34,3.6,24.3,1,10,0,11195.0,101758.99
WH-D004,恒温保鲜冷库,恒温库,2026-05-01 20:00:00,55.37,2.97,25.2,1,9,0,10874.0,101814.46
WH-D004,恒温保鲜冷库,恒温库,2026-05-01 21:00:00,51.07,2.29,26.2,1,5,0,10884.0,101865.49
WH-D004,恒温保鲜冷库,恒温库,2026-05-01 22:00:00,57.43,2.24,26.2,1,11,0,10785.0,101923.0
WH-D004,恒温保鲜冷库,恒温库,2026-05-01 23:00:00,65.95,4.0,29.0,1,9,1,10783.0,101988.9
WH-D004,恒温保鲜冷库,恒温库,2026-05-02 00:00:00,53.2,3.63,29.6,1,9,0,10694.0,102042.15
WH-D004,恒温保鲜冷库,恒温库,2026-05-02 01:00:00,56.16,3.7,28.7,1,11,0,10681.0,102098.33
WH-D004,恒温保鲜冷库,恒温库,2026-05-02 02:00:00,63.02,4.0,30.5,1,8,1,10849.0,102161.28
WH-D004,恒温保鲜冷库,恒温库,2026-05-02 03:00:00,53.38,3.81,30.9,1,7,0,10826.0,102214.72
WH-D004,恒温保鲜冷库,恒温库,2026-05-02 04:00:00,47.9,3.47,29.3,1,5,0,10911.0,102262.59
WH-D004,恒温保鲜冷库,恒温库,2026-05-02 05:00:00,45.48,3.18,28.4,1,6,0,10937.0,102308.17
WH-D004,恒温保鲜冷库,恒温库,2026-05-02 06:00:00,47.81,3.07,27.4,1,6,0,10778.0,102355.9
WH-D004,恒温保鲜冷库,恒温库,2026-05-02 07:00:00,43.88,3.09,25.9,1,10,0,10797.0,102399.86
WH-D004,恒温保鲜冷库,恒温库,2026-05-02 08:00:00,48.18,2.86,24.5,1,9,0,10677.0,102447.98
WH-D004,恒温保鲜冷库,恒温库,2026-05-02 09:00:00,56.35,2.97,22.3,1,13,0,10642.0,102504.33
WH-D004,恒温保鲜冷库,恒温库,2026-05-02 10:00:00,64.9,4.0,22.3,1,18,1,10457.0,102569.23
WH-D004,恒温保鲜冷库,恒温库,2026-05-02 11:00:00,50.19,4.0,21.5,1,18,0,10628.0,102619.36
WH-D004,恒温保鲜冷库,恒温库,2026-05-02 12:00:00,43.18,3.48,20.0,1,6,0,10661.0,102662.46
WH-D004,恒温保鲜冷库,恒温库,2026-05-02 13:00:00,52.8,4.0,19.2,1,29,0,10837.0,102715.33
WH-D004,恒温保鲜冷库,恒温库,2026-05-02 14:00:00,42.14,3.91,18.5,1,12,0,10997.0,102757.56
WH-D004,恒温保鲜冷库,恒温库,2026-05-02 15:00:00,49.69,4.0,19.7,1,10,0,10785.0,102807.31
WH-D004,恒温保鲜冷库,恒温库,2026-05-02 16:00:00,58.86,4.0,19.6,1,27,0,10792.0,102866.08
WH-D004,恒温保鲜冷库,恒温库,2026-05-02 17:00:00,58.32,4.0,21.8,1,9,1,10785.0,102924.4
WH-D004,恒温保鲜冷库,恒温库,2026-05-02 18:00:00,62.43,4.0,21.9,1,4,1,10807.0,102986.8
WH-D004,恒温保鲜冷库,恒温库,2026-05-02 19:00:00,44.8,3.92,23.9,1,9,0,10889.0,103031.61
WH-D004,恒温保鲜冷库,恒温库,2026-05-02 20:00:00,43.54,3.48,24.0,1,5,0,11152.0,103075.22
WH-D004,恒温保鲜冷库,恒温库,2026-05-02 21:00:00,44.48,3.26,26.3,1,4,0,11283.0,103119.68
WH-D004,恒温保鲜冷库,恒温库,2026-05-02 22:00:00,47.54,2.41,26.3,1,8,0,11256.0,103167.28
WH-D004,恒温保鲜冷库,恒温库,2026-05-02 23:00:00,61.84,3.21,28.7,1,23,0,11300.0,103229.2
WH-D004,恒温保鲜冷库,恒温库,2026-05-03 00:00:00,52.72,2.49,28.8,1,3,0,11054.0,103281.86
WH-D004,恒温保鲜冷库,恒温库,2026-05-03 01:00:00,61.96,2.73,31.0,1,15,0,10983.0,103343.74
WH-D004,恒温保鲜冷库,恒温库,2026-05-03 02:00:00,68.05,4.0,28.7,1,10,1,11038.0,103411.86
WH-D004,恒温保鲜冷库,恒温库,2026-05-03 03:00:00,55.55,3.13,29.2,1,3,0,10947.0,103467.33
WH-D004,恒温保鲜冷库,恒温库,2026-05-03 04:00:00,55.83,2.89,29.6,1,11,0,10789.0,103523.16
WH-D004,恒温保鲜冷库,恒温库,2026-05-03 05:00:00,47.14,3.18,28.5,1,12,0,10657.0,103570.39
WH-D004,恒温保鲜冷库,恒温库,2026-05-03 06:00:00,52.7,2.45,26.8,1,6,0,10577.0,103623.05
WH-D004,恒温保鲜冷库,恒温库,2026-05-03 07:00:00,47.59,2.2,27.7,1,12,0,10643.0,103670.67
WH-D004,恒温保鲜冷库,恒温库,2026-05-03 08:00:00,52.57,2.2,25.9,1,12,0,10668.0,103723.24
WH-D004,恒温保鲜冷库,恒温库,2026-05-03 09:00:00,48.35,2.08,23.4,1,10,0,10578.0,103771.62
WH-D004,恒温保鲜冷库,恒温库,2026-05-03 10:00:00,66.11,4.0,22.1,1,18,1,10796.0,103837.76
WH-D004,恒温保鲜冷库,恒温库,2026-05-03 11:00:00,50.58,3.8,22.7,1,9,0,10782.0,103888.41
WH-D004,恒温保鲜冷库,恒温库,2026-05-03 12:00:00,49.06,3.72,21.3,1,9,0,10707.0,103937.46
WH-D004,恒温保鲜冷库,恒温库,2026-05-03 13:00:00,53.73,3.55,18.0,1,12,0,10620.0,103991.17
WH-D004,恒温保鲜冷库,恒温库,2026-05-03 14:00:00,46.23,3.4,19.0,1,9,0,10594.0,104037.45
WH-D004,恒温保鲜冷库,恒温库,2026-05-03 15:00:00,55.52,3.58,20.7,1,16,0,10623.0,104092.92
WH-D004,恒温保鲜冷库,恒温库,2026-05-03 16:00:00,44.63,4.0,21.0,1,15,0,10638.0,104137.63
WH-D004,恒温保鲜冷库,恒温库,2026-05-03 17:00:00,49.91,4.0,22.1,1,16,0,10642.0,104187.44
WH-D004,恒温保鲜冷库,恒温库,2026-05-03 18:00:00,59.97,4.0,22.0,1,16,1,10576.0,104247.42
WH-D004,恒温保鲜冷库,恒温库,2026-05-03 19:00:00,47.95,3.56,23.9,1,7,0,10662.0,104295.38
WH-D004,恒温保鲜冷库,恒温库,2026-05-03 20:00:00,43.62,2.78,25.0,1,4,0,10679.0,104339.07
WH-D004,恒温保鲜冷库,恒温库,2026-05-03 21:00:00,46.88,2.52,25.6,1,11,0,10468.0,104385.85
WH-D004,恒温保鲜冷库,恒温库,2026-05-03 22:00:00,51.73,2.09,27.9,1,8,0,10384.0,104437.58
WH-D004,恒温保鲜冷库,恒温库,2026-05-03 23:00:00,45.62,1.08,28.9,1,3,0,10446.0,104483.29
WH-D004,恒温保鲜冷库,恒温库,2026-05-04 00:00:00,55.55,0.69,30.1,1,11,0,10582.0,104538.87
WH-D004,恒温保鲜冷库,恒温库,2026-05-04 01:00:00,4.2,2.01,29.2,0,12,0,10725.0,104543.11
WH-D004,恒温保鲜冷库,恒温库,2026-05-04 02:00:00,15.1,4.0,28.2,0,11,1,10557.0,104558.17
WH-D004,恒温保鲜冷库,恒温库,2026-05-04 03:00:00,58.5,3.7,28.9,1,9,0,10507.0,104616.75
WH-D004,恒温保鲜冷库,恒温库,2026-05-04 04:00:00,49.78,3.67,30.5,1,10,0,10472.0,104666.44
WH-D004,恒温保鲜冷库,恒温库,2026-05-04 05:00:00,56.13,3.57,29.7,1,11,0,10644.0,104722.59
WH-D004,恒温保鲜冷库,恒温库,2026-05-04 06:00:00,43.45,3.09,25.9,1,4,0,10700.0,104766.11
WH-D004,恒温保鲜冷库,恒温库,2026-05-04 07:00:00,48.18,2.73,26.2,1,6,0,10909.0,104814.31
WH-D004,恒温保鲜冷库,恒温库,2026-05-04 08:00:00,56.57,2.51,25.5,1,9,0,11039.0,104870.83
WH-D004,恒温保鲜冷库,恒温库,2026-05-04 09:00:00,55.69,2.82,21.7,1,13,0,10979.0,104926.45
WH-D004,恒温保鲜冷库,恒温库,2026-05-04 10:00:00,58.92,4.0,21.9,1,15,1,10953.0,104985.38
WH-D004,恒温保鲜冷库,恒温库,2026-05-04 11:00:00,50.89,4.0,22.9,1,16,0,11154.0,105036.3
WH-D004,恒温保鲜冷库,恒温库,2026-05-04 12:00:00,49.68,3.96,20.8,1,10,0,11073.0,105085.91
WH-D004,恒温保鲜冷库,恒温库,2026-05-04 13:00:00,42.67,4.0,20.6,1,12,0,11170.0,105128.65
WH-D004,恒温保鲜冷库,恒温库,2026-05-04 14:00:00,50.06,3.48,22.3,1,10,0,11047.0,105178.78
WH-D004,恒温保鲜冷库,恒温库,2026-05-04 15:00:00,44.26,3.42,19.9,1,15,0,10859.0,105223.14
WH-D004,恒温保鲜冷库,恒温库,2026-05-04 16:00:00,47.15,3.71,19.9,1,18,0,10748.0,105270.36
WH-D004,恒温保鲜冷库,恒温库,2026-05-04 17:00:00,49.41,3.9,21.9,1,15,0,10687.0,105319.8
WH-D004,恒温保鲜冷库,恒温库,2026-05-04 18:00:00,65.69,4.0,23.2,1,10,1,10595.0,105385.45
WH-D004,恒温保鲜冷库,恒温库,2026-05-04 19:00:00,43.12,3.09,24.0,1,7,0,10362.0,105428.63
WH-D004,恒温保鲜冷库,恒温库,2026-05-04 20:00:00,47.98,2.98,25.3,1,6,0,10421.0,105476.57
WH-D004,恒温保鲜冷库,恒温库,2026-05-04 21:00:00,49.06,2.73,26.4,1,10,0,10520.0,105525.63
WH-D004,恒温保鲜冷库,恒温库,2026-05-04 22:00:00,55.94,2.0,27.7,1,9,0,10720.0,105581.6
WH-D004,恒温保鲜冷库,恒温库,2026-05-04 23:00:00,53.73,1.35,28.9,1,4,0,10976.0,105635.3
WH-D004,恒温保鲜冷库,恒温库,2026-05-05 00:00:00,57.14,1.26,30.7,1,12,0,10901.0,105692.41
WH-D004,恒温保鲜冷库,恒温库,2026-05-05 01:00:00,52.79,0.79,29.9,1,10,0,10634.0,105745.29
WH-D004,恒温保鲜冷库,恒温库,2026-05-05 02:00:00,13.79,4.0,29.1,0,9,1,10733.0,105758.98
WH-D004,恒温保鲜冷库,恒温库,2026-05-05 03:00:00,56.29,3.57,30.1,1,8,0,10832.0,105815.32
WH-D004,恒温保鲜冷库,恒温库,2026-05-05 04:00:00,49.41,3.1,30.3,1,7,0,10833.0,105864.82
WH-D004,恒温保鲜冷库,恒温库,2026-05-05 05:00:00,50.05,2.55,28.3,1,7,0,10915.0,105914.97
WH-D004,恒温保鲜冷库,恒温库,2026-05-05 06:00:00,51.5,1.86,28.3,1,7,0,10779.0,105966.54
WH-D004,恒温保鲜冷库,恒温库,2026-05-05 07:00:00,54.31,1.39,26.8,1,8,0,10769.0,106020.79
WH-D004,恒温保鲜冷库,恒温库,2026-05-05 08:00:00,53.88,1.54,25.7,1,15,0,10696.0,106074.72
WH-D004,恒温保鲜冷库,恒温库,2026-05-05 09:00:00,55.51,1.58,24.8,1,9,0,10881.0,106130.15
WH-D004,恒温保鲜冷库,恒温库,2026-05-05 10:00:00,55.94,3.95,22.3,1,13,1,11028.0,106186.04
WH-D004,恒温保鲜冷库,恒温库,2026-05-05 11:00:00,55.21,4.0,20.7,1,15,0,10746.0,106241.3
WH-D004,恒温保鲜冷库,恒温库,2026-05-05 12:00:00,47.87,3.42,200.0,1,7,0,10731.0,106289.25
WH-D004,恒温保鲜冷库,恒温库,2026-05-05 13:00:00,45.94,3.47,20.7,1,16,0,10686.0,106335.21
WH-D004,恒温保鲜冷库,恒温库,2026-05-05 14:00:00,47.93,2.82,20.4,1,6,0,10514.0,106383.22
WH-D004,恒温保鲜冷库,恒温库,2026-05-05 15:00:00,46.09,2.95,18.5,1,13,0,10343.0,106429.28
WH-D004,恒温保鲜冷库,恒温库,2026-05-05 16:00:00,52.37,2.56,19.1,1,7,0,10165.0,106481.71
WH-D004,恒温保鲜冷库,恒温库,2026-05-05 17:00:00,45.93,2.76,21.0,1,10,0,10404.0,106527.59
WH-D004,恒温保鲜冷库,恒温库,2026-05-05 18:00:00,62.76,4.0,21.8,1,4,1,10471.0,106590.29
WH-D004,恒温保鲜冷库,恒温库,2026-05-05 19:00:00,49.96,3.49,23.2,1,6,0,10292.0,106640.2
WH-D004,恒温保鲜冷库,恒温库,2026-05-05 20:00:00,52.67,2.82,24.9,1,3,0,10239.0,106692.86
WH-D004,恒温保鲜冷库,恒温库,2026-05-05 21:00:00,51.45,2.64,25.7,1,10,0,10101.0,106744.3
WH-D004,恒温保鲜冷库,恒温库,2026-05-05 22:00:00,57.42,2.68,27.8,1,11,0,9960.0,106801.81
WH-D004,恒温保鲜冷库,恒温库,2026-05-05 23:00:00,54.43,2.17,27.1,1,7,0,9891.0,106856.19
WH-D004,恒温保鲜冷库,恒温库,2026-05-06 00:00:00,47.38,2.15,28.8,1,8,0,9823.0,106903.58
WH-D004,恒温保鲜冷库,恒温库,2026-05-06 01:00:00,55.23,1.52,29.1,1,4,0,10116.0,106958.91
WH-D004,恒温保鲜冷库,恒温库,2026-05-06 02:00:00,56.59,3.97,30.1,1,6,1,10173.0,107015.6
WH-D004,恒温保鲜冷库,恒温库,2026-05-06 03:00:00,56.78,3.59,29.0,1,10,0,10038.0,107072.32
WH-D004,恒温保鲜冷库,恒温库,2026-05-06 04:00:00,52.31,3.2,29.4,1,8,0,9831.0,107124.73
WH-D004,恒温保鲜冷库,恒温库,2026-05-06 05:00:00,51.87,2.9,29.9,1,10,0,9849.0,107176.59
WH-D004,恒温保鲜冷库,恒温库,2026-05-06 06:00:00,47.11,2.68,27.0,1,12,0,9957.0,107223.71
WH-D004,恒温保鲜冷库,恒温库,2026-05-06 07:00:00,51.49,2.59,27.8,1,11,0,10189.0,107275.24
WH-D004,恒温保鲜冷库,恒温库,2026-05-06 08:00:00,51.83,2.29,25.0,1,6,0,10313.0,107327.08
WH-D004,恒温保鲜冷库,恒温库,2026-05-06 09:00:00,49.98,1.36,23.1,1,4,0,10250.0,107377.15
WH-D004,恒温保鲜冷库,恒温库,2026-05-06 10:00:00,61.58,3.65,22.8,1,13,1,10330.0,107438.7
WH-D004,恒温保鲜冷库,恒温库,2026-05-06 11:00:00,49.9,3.94,21.1,1,18,0,10168.0,107488.65
WH-D004,恒温保鲜冷库,恒温库,2026-05-06 12:00:00,63.57,4.0,21.1,1,18,1,10080.0,107552.19
WH-D004,恒温保鲜冷库,恒温库,2026-05-06 13:00:00,40.18,3.52,18.9,1,6,0,10103.0,107592.36
WH-D004,恒温保鲜冷库,恒温库,2026-05-06 14:00:00,47.85,3.16,19.4,1,7,0,10080.0,107640.26
WH-D004,恒温保鲜冷库,恒温库,2026-05-06 15:00:00,52.22,3.13,19.5,1,7,0,9903.0,107692.52
WH-D004,恒温保鲜冷库,恒温库,2026-05-06 16:00:00,49.61,3.33,20.2,1,12,0,9891.0,107742.22
WH-D004,恒温保鲜冷库,恒温库,2026-05-06 17:00:00,50.53,3.47,24.3,1,13,0,9742.0,107792.82
WH-D004,恒温保鲜冷库,恒温库,2026-05-06 18:00:00,61.78,4.0,21.9,1,7,1,9677.0,107854.6
WH-D004,恒温保鲜冷库,恒温库,2026-05-06 19:00:00,45.35,3.12,22.8,1,5,0,9672.0,107899.98
WH-D004,恒温保鲜冷库,恒温库,2026-05-06 20:00:00,48.78,2.52,25.8,1,4,0,9679.0,107948.67
WH-D004,恒温保鲜冷库,恒温库,2026-05-06 21:00:00,53.87,2.53,25.9,1,12,0,9635.0,108002.46
WH-D004,恒温保鲜冷库,恒温库,2026-05-06 22:00:00,41.42,1.59,26.6,1,3,0,9592.0,108043.85
WH-D004,恒温保鲜冷库,恒温库,2026-05-07 00:00:00,45.57,0.66,28.8,1,5,0,9478.0,108136.5
WH-D004,恒温保鲜冷库,恒温库,2026-05-07 01:00:00,2.8,2.2,28.8,0,8,0,9348.0,108139.23
WH-D004,恒温保鲜冷库,恒温库,2026-05-07 02:00:00,13.73,4.0,31.4,0,8,1,9344.0,108153.04
WH-D004,恒温保鲜冷库,恒温库,2026-05-07 03:00:00,49.62,3.22,29.3,1,5,0,9396.0,108202.68
WH-D004,恒温保鲜冷库,恒温库,2026-05-07 04:00:00,46.32,3.08,27.7,1,11,0,9237.0,108249.09
WH-D004,恒温保鲜冷库,恒温库,2026-05-07 05:00:00,51.62,2.4,27.6,1,7,0,9229.0,108300.64
WH-D004,恒温保鲜冷库,恒温库,2026-05-07 06:00:00,56.05,1.75,26.9,1,4,0,9331.0,108356.78
WH-D004,恒温保鲜冷库,恒温库,2026-05-07 07:00:00,49.2,1.64,26.3,1,10,0,9437.0,108405.97
WH-D004,恒温保鲜冷库,恒温库,2026-05-07 08:00:00,45.73,1.02,26.2,1,6,0,9382.0,108451.62
WH-D004,恒温保鲜冷库,恒温库,2026-05-07 09:00:00,48.91,1.43,22.7,1,15,0,9330.0,108500.62
WH-D004,恒温保鲜冷库,恒温库,2026-05-07 10:00:00,65.29,3.78,23.5,1,15,1,9445.0,108565.83
WH-D004,恒温保鲜冷库,恒温库,2026-05-07 11:00:00,56.62,4.0,22.3,1,16,0,9225.0,108622.46
WH-D004,恒温保鲜冷库,恒温库,2026-05-07 12:00:00,52.03,4.0,20.4,1,16,0,9309.0,108674.45
WH-D004,恒温保鲜冷库,恒温库,2026-05-07 13:00:00,53.27,3.46,21.1,1,7,0,9133.0,108727.7
WH-D004,恒温保鲜冷库,恒温库,2026-05-07 14:00:00,48.39,3.57,19.2,1,13,0,8923.0,108776.06
WH-D004,恒温保鲜冷库,恒温库,2026-05-07 15:00:00,56.99,3.82,21.6,1,15,0,9243.0,108833.1
WH-D004,恒温保鲜冷库,恒温库,2026-05-07 16:00:00,52.52,3.27,21.6,1,4,0,9271.0,108885.58
WH-D004,恒温保鲜冷库,恒温库,2026-05-07 17:00:00,46.79,3.85,21.2,1,18,0,9294.0,108932.33
WH-D004,恒温保鲜冷库,恒温库,2026-05-07 18:00:00,53.84,4.0,22.0,1,4,1,9285.0,108986.27
WH-D004,恒温保鲜冷库,恒温库,2026-05-07 19:00:00,46.52,3.23,24.4,1,3,0,9157.0,109032.79
WH-D004,恒温保鲜冷库,恒温库,2026-05-07 20:00:00,42.65,2.89,26.5,1,5,0,9297.0,109075.38
WH-D004,恒温保鲜冷库,恒温库,2026-05-07 21:00:00,53.79,2.88,26.3,1,10,0,9335.0,109129.09
WH-D004,恒温保鲜冷库,恒温库,2026-05-07 22:00:00,52.13,2.07,28.7,1,6,0,9101.0,109181.12
WH-D004,恒温保鲜冷库,恒温库,2026-05-07 23:00:00,58.18,1.62,29.6,1,9,0,9068.0,109239.21
WH-D004,恒温保鲜冷库,恒温库,2026-05-08 00:00:00,47.86,0.79,28.3,1,6,0,9001.0,109287.0
WH-D004,恒温保鲜冷库,恒温库,2026-05-08 01:00:00,3.15,1.92,31.5,0,9,0,8998.0,109290.22
WH-D004,恒温保鲜冷库,恒温库,2026-05-08 02:00:00,11.81,4.0,30.5,0,3,1,9114.0,109301.98
WH-D004,恒温保鲜冷库,恒温库,2026-05-08 03:00:00,58.43,3.61,30.7,1,9,0,9038.0,109360.37
WH-D004,恒温保鲜冷库,恒温库,2026-05-08 04:00:00,56.16,3.13,29.9,1,7,0,8975.0,109416.51
WH-D004,恒温保鲜冷库,恒温库,2026-05-08 05:00:00,52.04,2.22,28.9,1,6,0,9069.0,109468.57
WH-D004,恒温保鲜冷库,恒温库,2026-05-08 06:00:00,45.91,2.06,28.1,1,9,0,9041.0,109514.52
WH-D004,恒温保鲜冷库,恒温库,2026-05-08 07:00:00,54.69,1.64,26.9,1,4,0,9234.0,109569.21
WH-D004,恒温保鲜冷库,恒温库,2026-05-08 08:00:00,53.03,1.25,26.1,1,7,0,9407.0,109622.33
WH-D004,恒温保鲜冷库,恒温库,2026-05-08 09:00:00,55.52,1.45,23.7,1,13,0,9512.0,109677.8
WH-D004,恒温保鲜冷库,恒温库,2026-05-08 10:00:00,53.08,3.44,22.3,1,6,1,9561.0,109730.95
WH-D004,恒温保鲜冷库,恒温库,2026-05-08 11:00:00,47.44,3.2,20.8,1,9,0,9715.0,109778.31
WH-D004,恒温保鲜冷库,恒温库,2026-05-08 12:00:00,57.03,3.95,22.3,1,23,0,9520.0,109835.4
WH-D004,恒温保鲜冷库,恒温库,2026-05-08 13:00:00,50.75,3.79,20.2,1,9,0,9657.0,109886.14
WH-D004,恒温保鲜冷库,恒温库,2026-05-08 14:00:00,52.15,2.92,20.2,1,4,0,9522.0,109938.35
WH-D004,恒温保鲜冷库,恒温库,2026-05-08 15:00:00,44.08,2.81,20.4,1,12,0,9358.0,109982.5
WH-D004,恒温保鲜冷库,恒温库,2026-05-08 16:00:00,44.32,2.96,21.1,1,10,0,9240.0,110026.85
WH-D004,恒温保鲜冷库,恒温库,2026-05-08 17:00:00,50.08,2.83,22.4,1,13,0,9051.0,110076.87
WH-D004,恒温保鲜冷库,恒温库,2026-05-08 18:00:00,51.83,4.0,20.7,1,9,1,8957.0,110128.77
WH-D004,恒温保鲜冷库,恒温库,2026-05-08 19:00:00,45.21,3.67,23.4,1,12,0,9013.0,110174.07
WH-D004,恒温保鲜冷库,恒温库,2026-05-08 20:00:00,48.25,2.91,25.6,1,3,0,8946.0,110222.23
WH-D004,恒温保鲜冷库,恒温库,2026-05-08 21:00:00,42.44,2.07,26.2,1,5,0,8794.0,110264.75
WH-D004,恒温保鲜冷库,恒温库,2026-05-08 22:00:00,57.64,2.37,28.3,1,14,0,8841.0,110322.44
WH-D004,恒温保鲜冷库,恒温库,2026-05-08 23:00:00,43.09,1.31,28.8,1,4,0,8859.0,110365.54
WH-D004,恒温保鲜冷库,恒温库,2026-05-09 00:00:00,56.0,0.91,29.1,1,3,0,8855.0,110421.57
WH-D004,恒温保鲜冷库,恒温库,2026-05-09 01:00:00,2.45,1.99,30.4,0,7,0,9040.0,110424.1
WH-D004,恒温保鲜冷库,恒温库,2026-05-09 02:00:00,12.27,4.0,29.4,0,6,1,9054.0,110436.47
WH-D004,恒温保鲜冷库,恒温库,2026-05-09 03:00:00,51.41,3.73,29.1,1,10,0,9008.0,110487.95
WH-D004,恒温保鲜冷库,恒温库,2026-05-09 04:00:00,46.57,3.41,30.6,1,6,0,8758.0,110534.62
WH-D004,恒温保鲜冷库,恒温库,2026-05-09 05:00:00,43.53,3.18,27.8,1,7,0,8593.0,110578.21
WH-D004,恒温保鲜冷库,恒温库,2026-05-09 06:00:00,55.35,2.72,28.1,1,5,0,8744.0,110633.63
WH-D004,恒温保鲜冷库,恒温库,2026-05-09 07:00:00,46.96,2.39,27.9,1,9,0,8811.0,110680.57
WH-D004,恒温保鲜冷库,恒温库,2026-05-09 08:00:00,57.71,2.27,25.3,1,13,0,8960.0,110738.27
WH-D004,恒温保鲜冷库,恒温库,2026-05-09 09:00:00,53.1,1.82,23.2,1,12,0,8923.0,110791.31
WH-D004,恒温保鲜冷库,恒温库,2026-05-09 10:00:00,65.8,4.0,22.6,1,9,1,8697.0,110857.17
WH-D004,恒温保鲜冷库,恒温库,2026-05-09 11:00:00,53.15,4.0,22.2,1,12,0,8639.0,110910.3
WH-D004,恒温保鲜冷库,恒温库,2026-05-09 12:00:00,42.42,3.98,19.5,1,10,0,8782.0,110952.75
WH-D004,恒温保鲜冷库,恒温库,2026-05-09 13:00:00,52.13,3.82,18.8,1,10,0,9108.0,111004.87
WH-D004,恒温保鲜冷库,恒温库,2026-05-09 14:00:00,42.62,3.54,19.3,1,9,0,8939.0,111047.46
WH-D004,恒温保鲜冷库,恒温库,2026-05-09 15:00:00,43.64,3.8,20.1,1,16,0,8951.0,111091.04
WH-D004,恒温保鲜冷库,恒温库,2026-05-09 16:00:00,54.51,3.88,21.2,1,18,0,8905.0,111145.57
WH-D004,恒温保鲜冷库,恒温库,2026-05-09 17:00:00,51.45,3.54,21.3,1,7,0,8621.0,111196.95
WH-D004,恒温保鲜冷库,恒温库,2026-05-09 18:00:00,55.73,4.0,21.7,1,12,1,8640.0,111252.64
WH-D004,恒温保鲜冷库,恒温库,2026-05-09 19:00:00,43.52,3.89,22.9,1,12,0,8767.0,111296.08
WH-D004,恒温保鲜冷库,恒温库,2026-05-09 20:00:00,63.42,4.0,26.4,1,4,1,8724.0,111359.57
WH-D004,恒温保鲜冷库,恒温库,2026-05-09 21:00:00,53.78,3.46,26.8,1,8,0,8671.0,111413.44
WH-D004,恒温保鲜冷库,恒温库,2026-05-09 22:00:00,55.95,3.27,27.1,1,7,0,8666.0,111469.41
WH-D004,恒温保鲜冷库,恒温库,2026-05-09 23:00:00,48.1,3.18,27.0,1,10,0,8669.0,111517.43
WH-D004,恒温保鲜冷库,恒温库,2026-05-10 02:00:00,69.13,4.0,29.7,1,7,1,8959.0,111689.09
WH-D004,恒温保鲜冷库,恒温库,2026-05-10 03:00:00,57.73,4.0,29.3,1,10,0,8896.0,111746.82
WH-D004,恒温保鲜冷库,恒温库,2026-05-10 04:00:00,53.69,3.79,26.8,1,10,0,8943.0,111800.57
WH-D004,恒温保鲜冷库,恒温库,2026-05-10 05:00:00,56.83,3.67,27.2,1,10,0,8980.0,111857.49
WH-D004,恒温保鲜冷库,恒温库,2026-05-10 06:00:00,46.28,3.88,28.0,1,12,0,8662.0,111903.75
WH-D004,恒温保鲜冷库,恒温库,2026-05-10 07:00:00,47.24,3.42,25.7,1,5,0,8744.0,111950.92
WH-D004,恒温保鲜冷库,恒温库,2026-05-10 08:00:00,52.43,3.07,24.3,1,9,0,8824.0,112003.44
WH-D004,恒温保鲜冷库,恒温库,2026-05-10 09:00:00,47.3,2.42,22.0,1,6,0,8964.0,112050.76
WH-D004,恒温保鲜冷库,恒温库,2026-05-10 10:00:00,66.09,4.0,21.8,1,18,1,8915.0,112116.81
WH-D004,恒温保鲜冷库,恒温库,2026-05-10 11:00:00,48.14,4.0,21.4,1,16,0,8981.0,112164.88
WH-D004,恒温保鲜冷库,恒温库,2026-05-10 12:00:00,54.14,4.0,20.1,1,9,0,8967.0,112218.99
WH-D004,恒温保鲜冷库,恒温库,2026-05-10 13:00:00,47.32,3.85,20.1,1,10,0,9098.0,112266.23
WH-D004,恒温保鲜冷库,恒温库,2026-05-10 14:00:00,56.67,4.0,19.6,1,33,0,9068.0,112322.86
WH-D004,恒温保鲜冷库,恒温库,2026-05-10 15:00:00,41.59,3.83,20.7,1,9,0,9233.0,112364.48
WH-D004,恒温保鲜冷库,恒温库,2026-05-10 16:00:00,54.41,3.81,21.6,1,13,0,9117.0,112418.95
WH-D004,恒温保鲜冷库,恒温库,2026-05-10 17:00:00,47.24,3.81,20.9,1,13,0,9155.0,112466.14
WH-D004,恒温保鲜冷库,恒温库,2026-05-10 18:00:00,65.99,4.0,23.1,1,9,1,9043.0,112532.05
WH-D004,恒温保鲜冷库,恒温库,2026-05-10 19:00:00,42.51,4.0,24.3,1,8,0,8795.0,112574.48
WH-D004,恒温保鲜冷库,恒温库,2026-05-10 20:00:00,41.47,3.35,24.8,1,4,0,8552.0,112616.39
WH-D004,恒温保鲜冷库,恒温库,2026-05-10 20:00:00,41.89,3.35,24.8,1,4,0,8552.0,112616.39
WH-D004,恒温保鲜冷库,恒温库,2026-05-10 21:00:00,42.42,3.02,26.3,1,6,0,8542.0,112658.71
WH-D004,恒温保鲜冷库,恒温库,2026-05-10 22:00:00,45.95,2.73,28.1,1,8,0,8578.0,112704.68
WH-D004,恒温保鲜冷库,恒温库,2026-05-10 23:00:00,54.19,2.21,28.5,1,10,0,8791.0,112758.9
WH-D004,恒温保鲜冷库,恒温库,2026-05-11 00:00:00,53.37,1.58,29.4,1,3,0,8799.0,112812.18
WH-D004,恒温保鲜冷库,恒温库,2026-05-11 01:00:00,49.05,0.9,29.2,1,4,0,8590.0,112861.27
WH-D004,恒温保鲜冷库,恒温库,2026-05-11 02:00:00,12.22,4.0,30.2,0,6,1,8769.0,112873.5
WH-D004,恒温保鲜冷库,恒温库,2026-05-11 03:00:00,52.8,3.68,30.8,1,10,0,9053.0,112926.34
WH-D004,恒温保鲜冷库,恒温库,2026-05-11 04:00:00,56.99,3.46,28.3,1,10,0,9004.0,112983.24
WH-D004,恒温保鲜冷库,恒温库,2026-05-11 05:00:00,57.19,3.14,29.0,1,5,0,8933.0,113040.38
WH-D004,恒温保鲜冷库,恒温库,2026-05-11 06:00:00,45.92,3.23,26.6,1,11,0,8724.0,113086.35
WH-D004,恒温保鲜冷库,恒温库,2026-05-11 07:00:00,55.39,3.34,24.5,1,6,0,8700.0,113141.68
WH-D004,恒温保鲜冷库,恒温库,2026-05-11 08:00:00,54.93,3.77,25.0,1,18,0,8565.0,113196.55
WH-D004,恒温保鲜冷库,恒温库,2026-05-11 09:00:00,49.98,3.71,23.7,1,10,0,8584.0,113050.28869293688
WH-D004,恒温保鲜冷库,恒温库,2026-05-11 10:00:00,53.18,4.0,21.7,1,10,1,8787.0,113299.82
WH-D004,恒温保鲜冷库,恒温库,2026-05-11 11:00:00,40.96,3.6,22.0,1,4,0,8712.0,113340.83
WH-D004,恒温保鲜冷库,恒温库,2026-05-11 12:00:00,54.04,4.0,20.5,1,34,0,8745.0,113394.93
WH-D004,恒温保鲜冷库,恒温库,2026-05-11 13:00:00,54.32,3.92,19.4,1,12,0,8827.0,113449.26
WH-D004,恒温保鲜冷库,恒温库,2026-05-11 14:00:00,47.95,4.0,19.3,1,12,0,8750.0,113497.21
WH-D004,恒温保鲜冷库,恒温库,2026-05-11 15:00:00,45.34,4.0,19.7,1,15,0,8736.0,113542.57
WH-D004,恒温保鲜冷库,恒温库,2026-05-11 16:00:00,50.32,3.43,19.1,1,4,0,8560.0,113592.86
WH-D004,恒温保鲜冷库,恒温库,2026-05-11 17:00:00,48.66,3.7,20.9,1,13,0,8686.0,113641.44
WH-D004,恒温保鲜冷库,恒温库,2026-05-11 18:00:00,55.49,4.0,23.1,1,13,1,8905.0,113697.03
WH-D004,恒温保鲜冷库,恒温库,2026-05-11 19:00:00,52.09,3.9,24.2,1,5,0,8835.0,113749.15
WH-D004,恒温保鲜冷库,恒温库,2026-05-11 20:00:00,45.14,3.36,26.6,1,5,0,8836.0,113794.2
WH-D004,恒温保鲜冷库,恒温库,2026-05-11 21:00:00,44.43,3.01,27.4,1,10,0,8818.0,113838.61
WH-D004,恒温保鲜冷库,恒温库,2026-05-11 22:00:00,47.4,2.58,28.2,1,7,0,8828.0,113885.94
WH-D004,恒温保鲜冷库,恒温库,2026-05-11 23:00:00,58.66,2.56,27.9,1,12,0,8622.0,113944.54
WH-D004,恒温保鲜冷库,恒温库,2026-05-12 00:00:00,56.76,2.05,30.1,1,3,0,8595.0,114001.34
WH-D004,恒温保鲜冷库,恒温库,2026-05-12 01:00:00,59.35,1.96,29.3,1,12,0,8468.0,114060.75
WH-D004,恒温保鲜冷库,恒温库,2026-05-12 02:00:00,64.2,3.99,29.9,1,9,1,8560.0,114124.91
WH-D004,恒温保鲜冷库,恒温库,2026-05-12 04:00:00,50.02,3.7,30.3,1,8,0,8670.0,114223.11
WH-D004,恒温保鲜冷库,恒温库,2026-05-12 05:00:00,50.42,4.0,29.4,1,17,0,8773.0,114273.5
WH-D004,恒温保鲜冷库,恒温库,2026-05-12 06:00:00,50.69,3.35,25.1,1,6,0,8696.0,114324.27
WH-D004,恒温保鲜冷库,恒温库,2026-05-12 07:00:00,51.49,3.06,25.5,1,10,0,8711.0,114375.72
WH-D004,恒温保鲜冷库,恒温库,2026-05-12 08:00:00,53.4,2.64,24.3,1,9,0,8584.0,114429.14
WH-D004,恒温保鲜冷库,恒温库,2026-05-12 09:00:00,54.0,2.26,24.6,1,9,0,8505.0,114483.09
WH-D004,恒温保鲜冷库,恒温库,2026-05-12 10:00:00,61.41,4.0,22.1,1,18,1,8545.0,114544.55
WH-D004,恒温保鲜冷库,恒温库,2026-05-12 11:00:00,49.68,4.0,19.0,1,18,0,8668.0,114594.31
WH-D004,恒温保鲜冷库,恒温库,2026-05-12 12:00:00,43.67,3.75,19.8,1,10,0,8551.0,114638.03
WH-D004,恒温保鲜冷库,恒温库,2026-05-12 13:00:00,46.25,2.96,19.6,1,7,0,8578.0,114684.23
WH-D004,恒温保鲜冷库,恒温库,2026-05-12 14:00:00,45.08,2.14,19.1,1,4,0,8763.0,114729.23
WH-D004,恒温保鲜冷库,恒温库,2026-05-12 15:00:00,45.89,1.61,21.2,1,10,0,8805.0,114775.2
WH-D004,恒温保鲜冷库,恒温库,2026-05-12 16:00:00,54.21,1.27,21.2,1,9,0,8791.0,114829.43
WH-D004,恒温保鲜冷库,恒温库,2026-05-12 17:00:00,52.44,0.92,21.7,1,6,0,8848.0,114881.88
WH-D004,恒温保鲜冷库,恒温库,2026-05-12 18:00:00,61.63,3.44,23.4,1,16,1,8897.0,114943.41
WH-D004,恒温保鲜冷库,恒温库,2026-05-12 19:00:00,41.84,3.16,23.3,1,7,0,9250.0,114985.28
WH-D004,恒温保鲜冷库,恒温库,2026-05-12 20:00:00,56.55,2.91,26.9,1,9,0,9418.0,115041.76
WH-D004,恒温保鲜冷库,恒温库,2026-05-12 21:00:00,54.19,2.27,26.5,1,9,0,9413.0,115095.87
WH-D004,恒温保鲜冷库,恒温库,2026-05-12 22:00:00,51.81,1.69,27.5,1,7,0,9559.0,115147.63
WH-D004,恒温保鲜冷库,恒温库,2026-05-12 23:00:00,47.22,1.44,28.9,1,12,0,9661.0,115194.93
WH-D004,恒温保鲜冷库,恒温库,2026-05-13 01:00:00,47.97,0.61,28.8,1,3,0,9431.0,115300.05
WH-D004,恒温保鲜冷库,恒温库,2026-05-13 02:00:00,12.09,3.64,29.3,0,3,1,9446.0,115312.05
WH-D004,恒温保鲜冷库,恒温库,2026-05-13 03:00:00,47.77,3.65,30.8,1,11,0,9603.0,115359.73
WH-D004,恒温保鲜冷库,恒温库,2026-05-13 04:00:00,45.28,2.69,29.6,1,4,0,9576.0,115405.05
WH-D004,恒温保鲜冷库,恒温库,2026-05-13 05:00:00,48.07,2.1,30.1,1,4,0,9484.0,115453.1
WH-D004,恒温保鲜冷库,恒温库,2026-05-13 06:00:00,49.96,1.6,28.3,1,4,0,9418.0,115503.09
WH-D004,恒温保鲜冷库,恒温库,2026-05-13 07:00:00,44.85,1.21,26.9,1,9,0,9625.0,115547.88
WH-D004,恒温保鲜冷库,恒温库,2026-05-13 08:00:00,45.33,0.82,24.0,1,7,0,9564.0,115593.16
WH-D004,恒温保鲜冷库,恒温库,2026-05-13 09:00:00,54.21,2.17,23.8,1,34,0,9517.0,115647.28
WH-D004,恒温保鲜冷库,恒温库,2026-05-13 10:00:00,64.8,4.0,22.9,1,9,1,9754.0,115712.04
WH-D004,恒温保鲜冷库,恒温库,2026-05-13 11:00:00,43.29,4.0,22.0,1,13,0,9823.0,115755.39
WH-D004,恒温保鲜冷库,恒温库,2026-05-13 12:00:00,57.56,4.0,21.4,1,34,0,9870.0,115812.86
WH-D004,恒温保鲜冷库,恒温库,2026-05-13 13:00:00,47.73,4.0,19.5,1,29,0,9840.0,115860.63
WH-D004,恒温保鲜冷库,恒温库,2026-05-13 14:00:00,54.86,4.0,19.7,1,18,0,9878.0,115915.46
WH-D004,恒温保鲜冷库,恒温库,2026-05-13 15:00:00,50.43,3.61,20.8,1,7,0,10032.0,115965.85
WH-D004,恒温保鲜冷库,恒温库,2026-05-13 16:00:00,54.18,3.94,19.6,1,16,0,9990.0,116020.08
WH-D004,恒温保鲜冷库,恒温库,2026-05-13 17:00:00,44.65,3.81,20.0,1,10,0,10157.0,116064.66
WH-D004,恒温保鲜冷库,恒温库,2026-05-13 18:00:00,66.41,4.0,22.8,1,10,1,10321.0,116131.12
WH-D004,恒温保鲜冷库,恒温库,2026-05-13 19:00:00,52.62,3.45,24.2,1,6,0,10308.0,116183.79
WH-D004,恒温保鲜冷库,恒温库,2026-05-13 20:00:00,51.93,2.86,24.4,1,6,0,10508.0,116235.79
WH-D004,恒温保鲜冷库,恒温库,2026-05-13 21:00:00,47.67,2.56,26.9,1,6,0,10283.0,116283.37
WH-D004,恒温保鲜冷库,恒温库,2026-05-13 22:00:00,46.72,1.97,28.3,1,6,0,10294.0,116330.09
WH-D004,恒温保鲜冷库,恒温库,2026-05-13 23:00:00,50.17,1.95,28.9,1,17,0,10569.0,116380.35
WH-D004,恒温保鲜冷库,恒温库,2026-05-14 00:00:00,50.54,1.63,30.0,1,9,0,10460.0,116430.94
WH-D004,恒温保鲜冷库,恒温库,2026-05-14 01:00:00,56.63,1.39,29.6,1,10,0,10408.0,116487.6
WH-D004,恒温保鲜冷库,恒温库,2026-05-14 02:00:00,52.91,2.98,29.1,1,6,1,10532.0,116540.42
WH-D004,恒温保鲜冷库,恒温库,2026-05-14 03:00:00,47.29,1.94,30.3,1,3,0,10492.0,116587.69
WH-D004,恒温保鲜冷库,恒温库,2026-05-14 04:00:00,51.04,1.87,29.5,1,12,0,10306.0,116638.76
WH-D004,恒温保鲜冷库,恒温库,2026-05-14 05:00:00,47.78,1.39,27.4,1,9,0,10361.0,116686.57
WH-D004,恒温保鲜冷库,恒温库,2026-05-14 06:00:00,47.27,0.78,27.1,1,7,0,10396.0,116733.79
WH-D004,恒温保鲜冷库,恒温库,2026-05-14 07:00:00,55.74,0.38,26.2,1,6,0,10215.0,116789.59
WH-D004,恒温保鲜冷库,恒温库,2026-05-14 08:00:00,55.76,0.59,26.4,1,15,0,10550.0,116845.34
WH-D004,恒温保鲜冷库,恒温库,2026-05-14 09:00:00,46.0,1.34,24.3,1,18,0,10336.0,116891.35
WH-D004,恒温保鲜冷库,恒温库,2026-05-14 10:00:00,52.78,3.58,23.1,1,6,1,10278.0,116944.04
WH-D004,恒温保鲜冷库,恒温库,2026-05-14 12:00:00,50.64,3.05,19.8,1,4,0,10346.0,117040.43
WH-D004,恒温保鲜冷库,恒温库,2026-05-14 13:00:00,51.52,3.45,19.3,1,15,0,10236.0,117092.05
WH-D004,恒温保鲜冷库,恒温库,2026-05-14 14:00:00,40.66,3.09,19.5,1,9,0,10075.0,117132.74
WH-D004,恒温保鲜冷库,恒温库,2026-05-14 15:00:00,56.7,3.34,20.1,1,18,0,9933.0,117189.43
WH-D004,恒温保鲜冷库,恒温库,2026-05-14 16:00:00,45.69,3.02,22.4,1,9,0,9830.0,117235.04
WH-D004,恒温保鲜冷库,恒温库,2026-05-14 17:00:00,44.57,3.13,21.2,1,12,0,9779.0,117279.64
WH-D004,恒温保鲜冷库,恒温库,2026-05-14 18:00:00,58.4,4.0,23.3,1,12,1,9742.0,117338.02
WH-D004,恒温保鲜冷库,恒温库,2026-05-14 19:00:00,48.6,4.0,24.7,1,12,0,9731.0,117386.58
WH-D004,恒温保鲜冷库,恒温库,2026-05-14 20:00:00,55.67,4.0,23.2,1,10,0,9754.0,117442.17
WH-D004,恒温保鲜冷库,恒温库,2026-05-14 21:00:00,47.58,3.61,26.0,1,7,0,9727.0,117489.74
WH-D004,恒温保鲜冷库,恒温库,2026-05-14 22:00:00,44.96,3.41,27.1,1,11,0,9690.0,117534.7
WH-D004,恒温保鲜冷库,恒温库,2026-05-14 23:00:00,54.6,2.88,28.0,1,5,0,9837.0,117589.24
WH-D004,恒温保鲜冷库,恒温库,2026-05-15 00:00:00,48.66,2.75,29.5,1,12,0,9934.0,117637.94
WH-D004,恒温保鲜冷库,恒温库,2026-05-15 01:00:00,57.18,2.04,29.2,1,4,0,9862.0,117695.12
WH-D004,恒温保鲜冷库,恒温库,2026-05-15 02:00:00,69.66,4.0,29.2,1,11,1,9802.0,117764.72
WH-D004,恒温保鲜冷库,恒温库,2026-05-15 03:00:00,51.64,3.39,31.5,1,6,0,9469.0,117816.32
WH-D004,恒温保鲜冷库,恒温库,2026-05-15 04:00:00,54.45,3.14,30.7,1,8,0,9484.0,117870.75
WH-D004,恒温保鲜冷库,恒温库,2026-05-15 05:00:00,56.2,2.62,28.6,1,12,0,9404.0,117926.87
WH-D004,恒温保鲜冷库,恒温库,2026-05-15 06:00:00,55.07,2.24,27.7,1,10,0,9311.0,117981.99
WH-D004,恒温保鲜冷库,恒温库,2026-05-15 07:00:00,56.81,2.59,25.9,1,11,0,9520.0,118038.83
WH-D004,恒温保鲜冷库,恒温库,2026-05-15 08:00:00,54.82,2.15,25.2,1,10,0,9464.0,118093.66
WH-D004,恒温保鲜冷库,恒温库,2026-05-15 09:00:00,41.63,1.59,24.1,1,6,0,9678.0,118135.25
WH-D004,恒温保鲜冷库,恒温库,2026-05-15 10:00:00,52.01,4.0,20.6,1,9,1,9759.0,118187.35
WH-D004,恒温保鲜冷库,恒温库,2026-05-15 11:00:00,42.45,4.0,20.2,1,13,0,9780.0,118229.82
WH-D004,恒温保鲜冷库,恒温库,2026-05-15 12:00:00,47.86,4.0,20.6,1,12,0,9685.0,118277.7
WH-D004,恒温保鲜冷库,恒温库,2026-05-15 13:00:00,51.87,3.83,19.8,1,15,0,9507.0,118329.66
WH-D004,恒温保鲜冷库,恒温库,2026-05-15 14:00:00,52.75,4.0,21.0,1,15,0,9581.0,118382.49
WH-D004,恒温保鲜冷库,恒温库,2026-05-15 15:00:00,47.76,3.87,19.8,1,13,0,9517.0,118430.26
WH-D004,恒温保鲜冷库,恒温库,2026-05-15 16:00:00,55.27,3.72,20.3,1,12,0,9263.0,118485.51
WH-D004,恒温保鲜冷库,恒温库,2026-05-15 17:00:00,46.81,3.94,21.2,1,15,0,9336.0,118532.24
WH-D004,恒温保鲜冷库,恒温库,2026-05-15 18:00:00,65.13,4.0,23.1,1,9,1,9498.0,118597.42
WH-D004,恒温保鲜冷库,恒温库,2026-05-15 19:00:00,45.89,3.29,24.1,1,6,0,9499.0,118643.32
WH-D004,恒温保鲜冷库,恒温库,2026-05-15 20:00:00,43.55,3.15,25.6,1,10,0,9701.0,118686.79
WH-D004,恒温保鲜冷库,恒温库,2026-05-15 21:00:00,49.05,2.14,27.8,1,3,0,9518.0,118735.84
WH-D004,恒温保鲜冷库,恒温库,2026-05-15 22:00:00,54.58,2.34,28.2,1,12,0,9549.0,118790.33
WH-D004,恒温保鲜冷库,恒温库,2026-05-15 23:00:00,47.78,2.23,28.5,1,12,0,9445.0,118838.1
WH-D004,恒温保鲜冷库,恒温库,2026-05-16 00:00:00,50.18,3.16,28.1,1,22,0,9310.0,118888.21
WH-D004,恒温保鲜冷库,恒温库,2026-05-16 01:00:00,43.33,2.09,30.5,1,4,0,9353.0,118931.59
WH-D004,恒温保鲜冷库,恒温库,2026-05-16 02:00:00,56.12,4.0,29.7,1,5,1,9206.0,118987.75
WH-D004,恒温保鲜冷库,恒温库,2026-05-16 03:00:00,55.15,3.77,29.4,1,10,0,9076.0,119042.98
WH-D004,恒温保鲜冷库,恒温库,2026-05-16 04:00:00,56.8,2.91,28.8,1,4,0,9254.0,119099.8
WH-D004,恒温保鲜冷库,恒温库,2026-05-16 05:00:00,51.69,2.12,27.4,1,3,0,8996.0,119151.4
WH-D004,恒温保鲜冷库,恒温库,2026-05-16 06:00:00,52.12,2.22,27.1,1,11,0,8824.0,119203.5
WH-D004,恒温保鲜冷库,恒温库,2026-05-16 07:00:00,47.45,1.72,26.8,1,3,0,8821.0,119250.86
WH-D004,恒温保鲜冷库,恒温库,2026-05-16 08:00:00,50.04,1.31,25.5,1,10,0,8722.0,119300.91
WH-D004,恒温保鲜冷库,恒温库,2026-05-16 09:00:00,44.26,1.07,24.4,1,9,0,8770.0,119345.1
WH-D004,恒温保鲜冷库,恒温库,2026-05-16 10:00:00,64.24,3.88,21.8,1,18,1,8843.0,119409.35
WH-D004,恒温保鲜冷库,恒温库,2026-05-16 11:00:00,45.99,3.98,21.4,1,15,0,9016.0,119455.32
WH-D004,恒温保鲜冷库,恒温库,2026-05-16 12:00:00,48.66,4.0,19.4,1,27,0,8890.0,119504.02
WH-D004,恒温保鲜冷库,恒温库,2026-05-16 13:00:00,39.4,3.25,20.4,1,4,0,8875.0,119543.43
WH-D004,恒温保鲜冷库,恒温库,2026-05-16 14:00:00,62.84,4.0,20.4,1,10,1,8773.0,119606.35
WH-D004,恒温保鲜冷库,恒温库,2026-05-16 15:00:00,49.06,4.0,19.6,1,15,0,8665.0,119655.41
WH-D004,恒温保鲜冷库,恒温库,2026-05-16 16:00:00,48.32,3.56,20.4,1,6,0,8659.0,119703.8
WH-D004,恒温保鲜冷库,恒温库,2026-05-16 17:00:00,45.86,3.01,18.5,1,6,0,8562.0,119749.73
WH-D004,恒温保鲜冷库,恒温库,2026-05-16 18:00:00,52.05,4.0,23.7,1,6,1,8433.0,119801.81
WH-D004,恒温保鲜冷库,恒温库,2026-05-16 19:00:00,45.93,3.8,24.9,1,9,0,8275.0,119847.69
WH-D004,恒温保鲜冷库,恒温库,2026-05-16 20:00:00,44.94,2.88,24.4,1,3,0,8215.0,119892.61
WH-D004,恒温保鲜冷库,恒温库,2026-05-16 20:00:00,44.69,2.88,24.4,1,3,0,8215.0,119892.61
WH-D004,恒温保鲜冷库,恒温库,2026-05-16 21:00:00,47.55,2.52,25.7,1,6,0,8541.0,119940.18
WH-D004,恒温保鲜冷库,恒温库,2026-05-16 22:00:00,52.02,1.65,28.4,1,6,0,8600.0,119992.26
WH-D004,恒温保鲜冷库,恒温库,2026-05-16 23:00:00,46.65,1.17,28.9,1,9,0,8729.0,120038.93
WH-D004,恒温保鲜冷库,恒温库,2026-05-17 00:00:00,52.97,1.06,30.1,1,7,0,8813.0,120091.88
WH-D004,恒温保鲜冷库,恒温库,2026-05-17 01:00:00,47.43,0.83,29.5,1,11,0,8682.0,120139.34
WH-D004,恒温保鲜冷库,恒温库,2026-05-17 02:00:00,13.62,3.97,31.1,0,8,1,8462.0,120153.06
WH-D004,恒温保鲜冷库,恒温库,2026-05-17 03:00:00,49.21,3.57,29.9,1,8,0,8409.0,120202.23
WH-D004,恒温保鲜冷库,恒温库,2026-05-17 04:00:00,58.01,2.95,30.1,1,10,0,8343.0,120260.28
WH-D004,恒温保鲜冷库,恒温库,2026-05-17 05:00:00,55.5,2.58,30.2,1,11,0,8223.0,120315.6
WH-D004,恒温保鲜冷库,恒温库,2026-05-17 05:00:00,55.31,2.58,30.2,1,11,0,8223.0,120315.6
WH-D004,恒温保鲜冷库,恒温库,2026-05-17 06:00:00,58.63,2.34,28.4,1,10,0,8177.0,120374.24
WH-D004,恒温保鲜冷库,恒温库,2026-05-17 07:00:00,48.36,2.22,26.7,1,12,0,8307.0,120422.55
WH-D004,恒温保鲜冷库,恒温库,2026-05-17 08:00:00,56.77,2.16,26.2,1,10,0,8051.0,120479.29
WH-D004,恒温保鲜冷库,恒温库,2026-05-17 09:00:00,46.23,1.92,23.0,1,9,0,8216.0,120525.58
WH-D004,恒温保鲜冷库,恒温库,2026-05-17 10:00:00,63.05,4.0,22.0,1,16,1,8295.0,120588.57
WH-D004,恒温保鲜冷库,恒温库,2026-05-17 11:00:00,55.23,4.0,22.0,1,18,0,8172.0,120643.76
WH-D004,恒温保鲜冷库,恒温库,2026-05-17 12:00:00,44.9,4.0,20.7,1,12,0,8167.0,120688.65
WH-D004,恒温保鲜冷库,恒温库,2026-05-17 13:00:00,54.21,4.0,18.6,1,16,0,8207.0,120742.89
WH-D004,恒温保鲜冷库,恒温库,2026-05-17 14:00:00,45.01,3.72,19.3,1,9,0,8118.0,120787.98
WH-D004,恒温保鲜冷库,恒温库,2026-05-17 15:00:00,51.13,3.81,17.3,1,15,0,8033.0,120839.19
WH-D004,恒温保鲜冷库,恒温库,2026-05-17 16:00:00,51.52,4.0,21.1,1,15,0,8000.0,120890.66
WH-D004,恒温保鲜冷库,恒温库,2026-05-17 17:00:00,43.35,4.0,22.7,1,13,0,8119.0,120933.95
WH-D004,恒温保鲜冷库,恒温库,2026-05-17 18:00:00,66.16,4.0,22.1,1,10,1,8184.0,121000.07
WH-D004,恒温保鲜冷库,恒温库,2026-05-17 19:00:00,56.81,3.85,23.5,1,12,0,8234.0,121056.9
WH-D004,恒温保鲜冷库,恒温库,2026-05-17 20:00:00,49.12,3.76,26.2,1,10,0,8214.0,121105.95
WH-D004,恒温保鲜冷库,恒温库,2026-05-17 21:00:00,56.67,2.86,27.5,1,5,0,8338.0,121162.52
WH-D004,恒温保鲜冷库,恒温库,2026-05-17 22:00:00,46.08,2.34,27.9,1,4,0,8440.0,121208.66
WH-D004,恒温保鲜冷库,恒温库,2026-05-17 23:00:00,51.99,2.24,27.6,1,9,0,8361.0,121260.55
WH-D004,恒温保鲜冷库,恒温库,2026-05-18 00:00:00,48.06,2.17,28.7,1,8,0,8326.0,121308.56
WH-D004,恒温保鲜冷库,恒温库,2026-05-18 01:00:00,47.58,1.44,29.8,1,6,0,8238.0,121356.15
WH-D004,恒温保鲜冷库,恒温库,2026-05-18 02:00:00,58.45,3.33,30.3,1,6,1,8078.0,121414.66
WH-D004,恒温保鲜冷库,恒温库,2026-05-18 03:00:00,58.88,3.14,30.1,1,9,0,8234.0,121473.46
WH-D004,恒温保鲜冷库,恒温库,2026-05-18 04:00:00,52.44,3.01,28.8,1,12,0,8376.0,121525.82
WH-D004,恒温保鲜冷库,恒温库,2026-05-18 05:00:00,46.19,3.0,27.5,1,9,0,8355.0,121571.94
WH-D004,恒温保鲜冷库,恒温库,2026-05-18 06:00:00,62.8,4.0,27.6,1,6,1,8356.0,121634.82
WH-D004,恒温保鲜冷库,恒温库,2026-05-18 07:00:00,54.73,3.4,25.1,1,9,0,8202.0,121689.53
WH-D004,恒温保鲜冷库,恒温库,2026-05-18 08:00:00,50.43,3.91,25.3,1,15,0,8222.0,121739.98
WH-D004,恒温保鲜冷库,恒温库,2026-05-18 09:00:00,62.99,4.0,23.9,1,33,0,8174.0,121802.97
WH-D004,恒温保鲜冷库,恒温库,2026-05-18 11:00:00,49.74,3.87,21.9,1,9,0,8025.0,121914.25
WH-D004,恒温保鲜冷库,恒温库,2026-05-18 12:00:00,45.64,3.81,21.2,1,13,0,8008.0,121959.86
WH-D004,恒温保鲜冷库,恒温库,2026-05-18 13:00:00,44.51,3.48,20.6,1,10,0,8055.0,122004.39
WH-D004,恒温保鲜冷库,恒温库,2026-05-18 14:00:00,50.95,3.86,21.1,1,15,0,8090.0,122055.37
WH-D004,恒温保鲜冷库,恒温库,2026-05-18 15:00:00,45.54,3.43,21.3,1,6,0,8092.0,122100.88
WH-D004,恒温保鲜冷库,恒温库,2026-05-18 16:00:00,59.91,4.0,21.3,1,27,0,8005.0,122160.7
WH-D004,恒温保鲜冷库,恒温库,2026-05-18 17:00:00,54.15,4.0,21.6,1,10,0,8000.0,122214.81
WH-D004,恒温保鲜冷库,恒温库,2026-05-18 18:00:00,60.1,4.0,21.4,1,7,1,8000.0,122274.97
WH-D004,恒温保鲜冷库,恒温库,2026-05-18 19:00:00,51.01,3.37,24.3,1,3,0,8000.0,122325.9
WH-D004,恒温保鲜冷库,恒温库,2026-05-18 20:00:00,42.6,3.28,26.2,1,5,0,8000.0,122368.41
WH-D004,恒温保鲜冷库,恒温库,2026-05-18 21:00:00,54.08,3.07,24.9,1,7,0,8083.0,122422.45
WH-D004,恒温保鲜冷库,恒温库,2026-05-18 22:00:00,50.21,2.39,28.2,1,5,0,8059.0,122472.6
WH-D004,恒温保鲜冷库,恒温库,2026-05-18 23:00:00,54.0,1.8,28.9,1,4,0,8157.0,122526.68
WH-D004,恒温保鲜冷库,恒温库,2026-05-19 00:00:00,49.71,1.11,30.2,1,5,0,8034.0,122576.32
WH-D004,恒温保鲜冷库,恒温库,2026-05-19 01:00:00,52.73,0.52,29.1,1,3,0,8000.0,122628.97
WH-D004,恒温保鲜冷库,恒温库,2026-05-19 02:00:00,11.97,3.78,30.1,0,4,1,8313.0,122640.99
WH-D004,恒温保鲜冷库,恒温库,2026-05-19 03:00:00,47.7,3.49,29.9,1,11,0,8326.0,122688.78
WH-D004,恒温保鲜冷库,恒温库,2026-05-19 04:00:00,45.98,2.96,29.3,1,6,0,8461.0,122734.71
WH-D004,恒温保鲜冷库,恒温库,2026-05-19 05:00:00,47.54,2.09,27.9,1,3,0,8350.0,122782.19
WH-D004,恒温保鲜冷库,恒温库,2026-05-19 06:00:00,56.58,1.6,27.6,1,10,0,8493.0,122838.83
WH-D004,恒温保鲜冷库,恒温库,2026-05-19 07:00:00,50.7,1.19,26.0,1,12,0,8510.0,122889.58
WH-D004,恒温保鲜冷库,恒温库,2026-05-19 08:00:00,43.13,0.76,24.3,1,9,0,8429.0,122932.8
WH-D004,恒温保鲜冷库,恒温库,2026-05-19 09:00:00,53.71,1.42,23.9,1,22,0,8410.0,122986.56
WH-D004,恒温保鲜冷库,恒温库,2026-05-19 10:00:00,63.05,4.0,22.8,1,16,1,8616.0,123049.7
WH-D004,恒温保鲜冷库,恒温库,2026-05-19 11:00:00,52.97,3.97,19.9,1,12,0,8686.0,123102.65
WH-D004,恒温保鲜冷库,恒温库,2026-05-19 12:00:00,48.25,3.83,20.8,1,10,0,8638.0,123150.9
WH-D004,恒温保鲜冷库,恒温库,2026-05-19 13:00:00,44.11,3.01,20.3,1,4,0,8568.0,123194.97
WH-D004,恒温保鲜冷库,恒温库,2026-05-19 14:00:00,47.79,3.61,19.6,1,18,0,8596.0,123242.67
WH-D004,恒温保鲜冷库,恒温库,2026-05-19 15:00:00,49.14,3.9,20.9,1,15,0,8537.0,123291.83
WH-D004,恒温保鲜冷库,恒温库,2026-05-19 16:00:00,50.93,3.48,21.4,1,7,0,8677.0,123342.69
WH-D004,恒温保鲜冷库,恒温库,2026-05-19 17:00:00,53.84,3.08,21.3,1,10,0,8700.0,123396.61
WH-D004,恒温保鲜冷库,恒温库,2026-05-19 18:00:00,59.74,4.0,22.3,1,10,1,8789.0,123456.35
WH-D004,恒温保鲜冷库,恒温库,2026-05-19 19:00:00,44.23,3.57,23.5,1,9,0,8815.0,123500.6
WH-D004,恒温保鲜冷库,恒温库,2026-05-19 20:00:00,47.85,2.83,25.6,1,4,0,8806.0,123548.43
WH-D004,恒温保鲜冷库,恒温库,2026-05-19 21:00:00,54.82,2.45,26.0,1,9,0,8799.0,123603.26
WH-D004,恒温保鲜冷库,恒温库,2026-05-19 21:00:00,54.35,2.45,26.0,1,9,0,8799.0,123603.26
WH-D004,恒温保鲜冷库,恒温库,2026-05-19 22:00:00,48.82,1.98,28.0,1,3,0,8751.0,123652.05
WH-D004,恒温保鲜冷库,恒温库,2026-05-19 23:00:00,43.79,1.44,29.7,1,6,0,8644.0,123695.76
WH-D004,恒温保鲜冷库,恒温库,2026-05-20 00:00:00,48.2,1.69,28.8,1,11,0,8605.0,123743.97
WH-D004,恒温保鲜冷库,恒温库,2026-05-20 01:00:00,51.52,1.0,29.6,1,3,0,8648.0,123795.46
WH-D004,恒温保鲜冷库,恒温库,2026-05-20 02:00:00,61.38,2.87,29.2,1,8,1,8546.0,123856.82
WH-D004,恒温保鲜冷库,恒温库,2026-05-20 03:00:00,54.5,2.75,29.1,1,10,0,8204.0,123911.33
WH-D004,恒温保鲜冷库,恒温库,2026-05-20 04:00:00,48.52,2.38,31.0,1,12,0,8221.0,123959.92
WH-D004,恒温保鲜冷库,恒温库,2026-05-20 05:00:00,54.08,1.79,28.0,1,8,0,8166.0,124013.95
WH-D004,恒温保鲜冷库,恒温库,2026-05-20 06:00:00,51.6,0.93,28.2,1,5,0,8263.0,124065.51
WH-D004,恒温保鲜冷库,恒温库,2026-05-20 07:00:00,56.12,0.78,26.9,1,6,0,8447.0,124121.57
WH-D004,恒温保鲜冷库,恒温库,2026-05-20 08:00:00,59.53,1.77,27.3,1,18,0,8338.0,124181.08
WH-D004,恒温保鲜冷库,恒温库,2026-05-20 09:00:00,45.34,2.29,23.4,1,18,0,8267.0,124226.33
WH-D004,恒温保鲜冷库,恒温库,2026-05-20 10:00:00,51.21,3.87,22.0,1,4,1,8315.0,124277.64
WH-D004,恒温保鲜冷库,恒温库,2026-05-20 11:00:00,54.39,4.0,21.3,1,15,0,8469.0,124332.0
WH-D004,恒温保鲜冷库,恒温库,2026-05-20 13:00:00,43.45,3.96,18.8,1,12,0,8597.0,124421.16
WH-D004,恒温保鲜冷库,恒温库,2026-05-20 14:00:00,51.93,4.0,20.1,1,18,0,8724.0,124473.17
WH-D004,恒温保鲜冷库,恒温库,2026-05-20 15:00:00,44.19,3.65,19.4,1,9,0,8492.0,124517.44
WH-D004,恒温保鲜冷库,恒温库,2026-05-20 16:00:00,47.34,3.21,21.7,1,10,0,8477.0,124564.87
WH-D004,恒温保鲜冷库,恒温库,2026-05-20 17:00:00,52.71,2.82,21.1,1,10,0,8299.0,124617.6
WH-D004,恒温保鲜冷库,恒温库,2026-05-20 18:00:00,65.73,4.0,22.8,1,9,1,8158.0,124683.37
WH-D004,恒温保鲜冷库,恒温库,2026-05-20 19:00:00,48.75,3.84,23.6,1,11,0,8168.0,124732.08
WH-D004,恒温保鲜冷库,恒温库,2026-05-20 20:00:00,54.66,3.22,25.6,1,4,0,8262.0,124786.77
WH-D004,恒温保鲜冷库,恒温库,2026-05-20 21:00:00,48.92,2.95,26.7,1,8,0,8237.0,124835.68
WH-D004,恒温保鲜冷库,恒温库,2026-05-20 22:00:00,57.1,2.6,27.2,1,9,0,8237.0,124892.7
WH-D004,恒温保鲜冷库,恒温库,2026-05-20 23:00:00,56.44,2.15,28.2,1,6,0,8154.0,124949.12
WH-D004,恒温保鲜冷库,恒温库,2026-05-21 00:00:00,48.14,1.34,30.4,1,6,0,8295.0,124997.29
WH-D004,恒温保鲜冷库,恒温库,2026-05-21 01:00:00,52.56,0.81,30.9,1,5,0,8256.0,125049.92
WH-D004,恒温保鲜冷库,恒温库,2026-05-21 02:00:00,10.87,4.0,29.3,0,4,1,8273.0,125060.79
WH-D004,恒温保鲜冷库,恒温库,2026-05-21 03:00:00,56.1,4.0,28.6,1,10,0,8346.0,125116.93
WH-D004,恒温保鲜冷库,恒温库,2026-05-21 04:00:00,55.4,4.0,29.2,1,5,1,8510.0,125172.43
WH-D004,恒温保鲜冷库,恒温库,2026-05-21 05:00:00,54.34,4.0,29.2,1,8,0,8243.0,125226.8
WH-D004,恒温保鲜冷库,恒温库,2026-05-21 06:00:00,47.33,2.9,28.7,1,4,0,8209.0,125274.04
WH-D004,恒温保鲜冷库,恒温库,2026-05-21 07:00:00,44.46,2.94,26.5,1,12,0,8036.0,125318.59
WH-D004,恒温保鲜冷库,恒温库,2026-05-21 08:00:00,49.12,2.72,25.3,1,7,0,8000.0,125367.66
WH-D004,恒温保鲜冷库,恒温库,2026-05-21 09:00:00,54.5,2.53,24.4,1,10,0,8117.0,125422.12
WH-D004,恒温保鲜冷库,恒温库,2026-05-21 10:00:00,53.54,4.0,21.4,1,6,1,8234.0,125475.66
WH-D004,恒温保鲜冷库,恒温库,2026-05-21 11:00:00,43.52,4.0,20.4,1,15,0,8397.0,125519.25
WH-D004,恒温保鲜冷库,恒温库,2026-05-21 12:00:00,45.17,3.61,20.6,1,7,0,8656.0,125564.42
WH-D004,恒温保鲜冷库,恒温库,2026-05-21 13:00:00,46.7,3.78,19.9,1,10,0,8580.0,125611.21
WH-D004,恒温保鲜冷库,恒温库,2026-05-21 14:00:00,47.04,3.51,19.4,1,10,0,8668.0,125658.29
WH-D004,恒温保鲜冷库,恒温库,2026-05-21 15:00:00,40.57,2.8,19.8,1,4,0,8792.0,125698.78
WH-D004,恒温保鲜冷库,恒温库,2026-05-21 16:00:00,46.82,3.36,20.3,1,15,0,8928.0,125745.57
WH-D004,恒温保鲜冷库,恒温库,2026-05-21 17:00:00,48.59,3.24,22.0,1,12,0,8849.0,125794.08
WH-D004,恒温保鲜冷库,恒温库,2026-05-21 18:00:00,65.33,4.0,22.6,1,16,1,8888.0,125859.44
WH-D004,恒温保鲜冷库,恒温库,2026-05-21 19:00:00,43.11,3.3,24.3,1,8,0,8898.0,125902.46
WH-D004,恒温保鲜冷库,恒温库,2026-05-21 20:00:00,48.28,2.85,24.3,1,7,0,8838.0,125950.83
WH-D004,恒温保鲜冷库,恒温库,2026-05-21 21:00:00,54.3,2.3,27.8,1,8,0,8866.0,126005.17
WH-D004,恒温保鲜冷库,恒温库,2026-05-21 22:00:00,56.02,1.98,27.7,1,8,0,8824.0,126061.13
WH-D004,恒温保鲜冷库,恒温库,2026-05-21 23:00:00,50.09,1.34,29.0,1,5,0,8969.0,126111.32
WH-D004,恒温保鲜冷库,恒温库,2026-05-22 00:00:00,51.22,0.55,30.6,1,5,0,9078.0,126162.54
WH-D004,恒温保鲜冷库,恒温库,2026-05-22 01:00:00,2.45,1.36,31.6,0,7,0,9117.0,126164.97
WH-D004,恒温保鲜冷库,恒温库,2026-05-22 02:00:00,12.18,4.0,31.3,0,3,1,9367.0,126177.12
WH-D004,恒温保鲜冷库,恒温库,2026-05-22 03:00:00,56.63,3.35,29.4,1,3,0,9346.0,126233.7
WH-D004,恒温保鲜冷库,恒温库,2026-05-22 04:00:00,-50.0,2.73,30.4,1,5,0,9414.0,126288.13
WH-D004,恒温保鲜冷库,恒温库,2026-05-22 05:00:00,54.04,2.78,29.7,1,11,0,9377.0,126342.25
WH-D004,恒温保鲜冷库,恒温库,2026-05-22 06:00:00,54.14,2.22,27.3,1,6,0,9429.0,126396.38
WH-D004,恒温保鲜冷库,恒温库,2026-05-22 07:00:00,55.05,2.44,26.2,1,12,0,9383.0,126451.34
WH-D004,恒温保鲜冷库,恒温库,2026-05-22 08:00:00,60.6,4.0,24.4,1,29,0,9294.0,126511.94
WH-D004,恒温保鲜冷库,恒温库,2026-05-22 09:00:00,52.5,3.93,24.5,1,13,0,9008.0,126564.38
WH-D004,恒温保鲜冷库,恒温库,2026-05-22 10:00:00,57.2,4.0,21.1,1,12,1,8894.0,126621.65
WH-D004,恒温保鲜冷库,恒温库,2026-05-22 11:00:00,46.72,3.76,21.4,1,9,0,8757.0,126668.27
WH-D004,恒温保鲜冷库,恒温库,2026-05-22 12:00:00,46.53,3.44,19.4,1,9,0,8767.0,126714.78
WH-D004,恒温保鲜冷库,恒温库,2026-05-22 13:00:00,53.63,3.67,21.4,1,13,0,8936.0,126768.42
WH-D004,恒温保鲜冷库,恒温库,2026-05-22 14:00:00,-1.0,3.68,19.7,1,16,0,9175.0,126823.15
WH-D004,恒温保鲜冷库,恒温库,2026-05-22 15:00:00,47.32,3.98,19.0,1,10,0,9165.0,126870.48
WH-D004,恒温保鲜冷库,恒温库,2026-05-22 16:00:00,45.03,4.0,20.5,1,16,0,9143.0,126915.46
WH-D004,恒温保鲜冷库,恒温库,2026-05-22 17:00:00,50.52,4.0,22.2,1,13,0,9257.0,126965.92
WH-D004,恒温保鲜冷库,恒温库,2026-05-22 18:00:00,65.37,4.0,22.0,1,13,1,9172.0,127031.22
WH-D004,恒温保鲜冷库,恒温库,2026-05-22 19:00:00,45.2,3.33,23.8,1,7,0,9043.0,127076.35
WH-D004,恒温保鲜冷库,恒温库,2026-05-22 20:00:00,44.06,2.94,24.7,1,9,0,8984.0,127120.49
WH-D004,恒温保鲜冷库,恒温库,2026-05-22 21:00:00,51.89,2.43,26.7,1,7,0,8993.0,127172.3
WH-D004,恒温保鲜冷库,恒温库,2026-05-22 22:00:00,42.5,1.83,27.6,1,5,0,8874.0,127214.75
WH-D004,恒温保鲜冷库,恒温库,2026-05-22 23:00:00,50.14,1.56,28.7,1,7,0,8694.0,127264.81
WH-D004,恒温保鲜冷库,恒温库,2026-05-23 00:00:00,54.63,1.64,28.6,1,11,0,8705.0,127319.4
WH-D004,恒温保鲜冷库,恒温库,2026-05-23 02:00:00,15.21,4.0,30.8,0,11,1,8790.0,127380.59
WH-D004,恒温保鲜冷库,恒温库,2026-05-23 03:00:00,47.72,3.32,29.2,1,4,0,8541.0,127428.32
WH-D004,恒温保鲜冷库,恒温库,2026-05-23 04:00:00,56.28,3.24,29.3,1,11,0,8678.0,127484.57
WH-D004,恒温保鲜冷库,恒温库,2026-05-23 05:00:00,50.62,3.07,29.6,1,8,0,8594.0,127535.25
WH-D004,恒温保鲜冷库,恒温库,2026-05-23 06:00:00,52.76,2.48,27.1,1,9,0,8687.0,127588.06
WH-D004,恒温保鲜冷库,恒温库,2026-05-23 08:00:00,49.6,1.72,25.4,1,15,0,8387.0,127691.24
WH-D004,恒温保鲜冷库,恒温库,2026-05-23 09:00:00,61.15,4.0,24.4,1,15,1,8374.0,127752.48
WH-D004,恒温保鲜冷库,恒温库,2026-05-23 10:00:00,67.37,4.0,22.5,1,12,1,8691.0,127819.77
WH-D004,恒温保鲜冷库,恒温库,2026-05-23 11:00:00,42.32,3.53,22.4,1,6,0,8743.0,127862.02
WH-D004,恒温保鲜冷库,恒温库,2026-05-23 12:00:00,52.46,3.68,18.8,1,15,0,8661.0,127914.4
WH-D004,恒温保鲜冷库,恒温库,2026-05-23 13:00:00,41.8,2.65,18.7,1,4,0,8522.0,127956.21
WH-D004,恒温保鲜冷库,恒温库,2026-05-23 14:00:00,42.96,2.95,20.0,1,13,0,8621.0,127999.13
WH-D004,恒温保鲜冷库,恒温库,2026-05-23 15:00:00,53.69,2.16,20.5,1,7,0,8505.0,128052.77
WH-D004,恒温保鲜冷库,恒温库,2026-05-23 16:00:00,46.76,2.07,19.3,1,13,0,8353.0,128099.53
WH-D004,恒温保鲜冷库,恒温库,2026-05-23 17:00:00,45.54,1.97,21.3,1,10,0,8231.0,128145.01
WH-D004,恒温保鲜冷库,恒温库,2026-05-23 18:00:00,60.15,4.0,22.3,1,6,1,8232.0,128205.13
WH-D004,恒温保鲜冷库,恒温库,2026-05-23 19:00:00,44.55,3.33,22.8,1,4,0,8283.0,128249.61
WH-D004,恒温保鲜冷库,恒温库,2026-05-23 20:00:00,46.98,3.47,24.7,1,12,0,8389.0,128296.54
WH-D004,恒温保鲜冷库,恒温库,2026-05-23 21:00:00,44.84,3.4,25.5,1,11,0,8367.0,128341.42
WH-D004,恒温保鲜冷库,恒温库,2026-05-23 22:00:00,57.76,3.4,27.3,1,12,0,8437.0,128399.22
WH-D004,恒温保鲜冷库,恒温库,2026-05-23 23:00:00,43.65,2.66,30.0,1,4,0,8254.0,128107.5037720531
WH-D004,恒温保鲜冷库,恒温库,2026-05-24 00:00:00,54.99,2.03,28.6,1,9,0,8326.0,128497.87
WH-D004,恒温保鲜冷库,恒温库,2026-05-24 01:00:00,44.66,1.16,30.1,1,4,0,8250.0,128542.52
WH-D004,恒温保鲜冷库,恒温库,2026-05-24 02:00:00,56.01,3.65,28.8,1,10,1,8195.0,128598.62
WH-D004,恒温保鲜冷库,恒温库,2026-05-24 03:00:00,53.19,3.42,29.8,1,6,0,8270.0,128651.82
WH-D004,恒温保鲜冷库,恒温库,2026-05-24 04:00:00,46.05,2.8,29.5,1,4,0,8203.0,128697.92
WH-D004,恒温保鲜冷库,恒温库,2026-05-24 05:00:00,52.5,1.87,28.1,1,5,0,8142.0,128750.36
WH-D004,恒温保鲜冷库,恒温库,2026-05-24 06:00:00,58.02,2.88,28.2,1,25,0,8096.0,128808.43
WH-D004,恒温保鲜冷库,恒温库,2026-05-24 07:00:00,48.01,2.2,25.5,1,6,0,8148.0,128856.46
WH-D004,恒温保鲜冷库,恒温库,2026-05-24 08:00:00,48.99,2.4,24.9,1,13,0,8254.0,128905.43
WH-D004,恒温保鲜冷库,恒温库,2026-05-24 09:00:00,49.17,3.45,23.7,1,18,0,8041.0,128954.63
WH-D004,恒温保鲜冷库,恒温库,2026-05-24 10:00:00,59.16,4.0,23.9,1,6,1,8128.0,129013.71
WH-D004,恒温保鲜冷库,恒温库,2026-05-24 11:00:00,46.27,4.0,21.4,1,18,0,8063.0,129059.92
WH-D004,恒温保鲜冷库,恒温库,2026-05-24 12:00:00,46.12,4.0,20.9,1,18,0,8000.0,129105.94
WH-D004,恒温保鲜冷库,恒温库,2026-05-24 13:00:00,50.47,4.0,21.1,1,9,0,8192.0,129156.34
WH-D004,恒温保鲜冷库,恒温库,2026-05-24 14:00:00,41.11,3.11,20.6,1,9,0,8162.0,129197.39
WH-D004,恒温保鲜冷库,恒温库,2026-05-24 15:00:00,41.37,2.65,20.4,1,6,0,8161.0,129238.7
WH-D004,恒温保鲜冷库,恒温库,2026-05-24 16:00:00,42.06,2.36,20.7,1,7,0,8002.0,129280.74
WH-D004,恒温保鲜冷库,恒温库,2026-05-24 17:00:00,46.76,2.61,22.0,1,13,0,8084.0,129327.53
WH-D004,恒温保鲜冷库,恒温库,2026-05-24 18:00:00,64.51,4.0,23.0,1,7,1,8035.0,129392.07
WH-D004,恒温保鲜冷库,恒温库,2026-05-24 19:00:00,43.37,4.0,23.8,1,10,0,8048.0,129435.34
WH-D004,恒温保鲜冷库,恒温库,2026-05-24 20:00:00,55.1,4.0,25.5,1,10,0,8297.0,129490.49
WH-D004,恒温保鲜冷库,恒温库,2026-05-24 21:00:00,56.58,4.0,26.4,1,11,0,8000.0,129547.0
WH-D004,恒温保鲜冷库,恒温库,2026-05-24 22:00:00,49.71,3.46,27.1,1,7,0,8000.0,129596.76
WH-D004,恒温保鲜冷库,恒温库,2026-05-24 23:00:00,51.64,2.44,28.2,1,4,0,8073.0,129648.39
WH-D004,恒温保鲜冷库,恒温库,2026-05-25 00:00:00,47.41,2.1,28.5,1,7,0,8115.0,129695.8
WH-D004,恒温保鲜冷库,恒温库,2026-05-25 01:00:00,48.72,1.66,30.3,1,10,0,8020.0,129744.52
WH-D004,恒温保鲜冷库,恒温库,2026-05-25 02:00:00,62.75,3.9,29.6,1,6,1,8049.0,129807.22
WH-D004,恒温保鲜冷库,恒温库,2026-05-25 03:00:00,47.66,3.25,28.2,1,8,0,8023.0,129854.91
WH-D004,恒温保鲜冷库,恒温库,2026-05-25 04:00:00,51.49,2.89,28.0,1,7,0,8139.0,129906.48
WH-D004,恒温保鲜冷库,恒温库,2026-05-25 05:00:00,46.87,2.24,28.9,1,6,0,8249.0,129953.44
WH-D004,恒温保鲜冷库,恒温库,2026-05-25 06:00:00,57.62,2.05,27.2,1,11,0,8511.0,130011.15
WH-D004,恒温保鲜冷库,恒温库,2026-05-25 07:00:00,67.73,3.97,26.9,1,10,1,8512.0,130078.91
WH-D004,恒温保鲜冷库,恒温库,2026-05-25 08:00:00,51.26,4.0,23.4,1,16,0,8443.0,130130.11
WH-D004,恒温保鲜冷库,恒温库,2026-05-25 09:00:00,52.57,3.61,24.3,1,10,0,8552.0,130182.63
WH-D004,恒温保鲜冷库,恒温库,2026-05-25 10:00:00,66.27,4.0,23.8,1,9,1,8437.0,130248.88
WH-D004,恒温保鲜冷库,恒温库,2026-05-25 11:00:00,46.14,4.0,21.5,1,13,0,8416.0,130294.93
WH-D004,恒温保鲜冷库,恒温库,2026-05-25 12:00:00,49.01,4.0,20.1,1,12,0,8254.0,130343.93
WH-D004,恒温保鲜冷库,恒温库,2026-05-25 13:00:00,43.21,4.0,19.9,1,13,0,8659.0,130387.16
WH-D004,恒温保鲜冷库,恒温库,2026-05-25 14:00:00,42.73,3.23,19.7,1,7,0,8532.0,130429.87
WH-D004,恒温保鲜冷库,恒温库,2026-05-25 15:00:00,46.8,3.04,19.4,1,6,0,8546.0,130476.71
WH-D004,恒温保鲜冷库,恒温库,2026-05-25 16:00:00,42.78,2.72,21.6,1,9,0,8574.0,130519.44
WH-D004,恒温保鲜冷库,恒温库,2026-05-25 17:00:00,53.36,3.53,21.7,1,18,0,8511.0,130572.88
WH-D004,恒温保鲜冷库,恒温库,2026-05-25 18:00:00,59.73,4.0,22.3,1,9,1,8501.0,130632.56
WH-D004,恒温保鲜冷库,恒温库,2026-05-25 19:00:00,53.76,3.76,23.5,1,12,0,8601.0,130686.23
WH-D004,恒温保鲜冷库,恒温库,2026-05-25 20:00:00,51.56,3.03,24.4,1,7,0,8696.0,130737.69
WH-D004,恒温保鲜冷库,恒温库,2026-05-25 21:00:00,49.89,2.74,27.1,1,10,0,8633.0,130787.55
WH-D004,恒温保鲜冷库,恒温库,2026-05-25 22:00:00,49.89,2.54,26.6,1,4,0,8678.0,130837.34
WH-D004,恒温保鲜冷库,恒温库,2026-05-25 23:00:00,52.25,2.37,29.2,1,8,0,8574.0,130889.52
WH-D004,恒温保鲜冷库,恒温库,2026-05-26 00:00:00,52.42,1.82,29.1,1,4,0,8739.0,130941.88
WH-D004,恒温保鲜冷库,恒温库,2026-05-26 01:00:00,44.98,1.39,27.5,1,5,0,8619.0,130986.93
WH-D004,恒温保鲜冷库,恒温库,2026-05-26 02:00:00,63.45,3.2,30.1,1,6,1,8496.0,131050.3
WH-D004,恒温保鲜冷库,恒温库,2026-05-26 03:00:00,47.68,2.94,28.3,1,4,0,8485.0,131098.03
WH-D004,恒温保鲜冷库,恒温库,2026-05-26 04:00:00,54.21,2.64,30.0,1,7,0,8748.0,131152.31
WH-D004,恒温保鲜冷库,恒温库,2026-05-26 05:00:00,59.21,4.0,29.4,1,5,1,8985.0,131211.56
WH-D004,恒温保鲜冷库,恒温库,2026-05-26 06:00:00,46.8,3.99,27.4,1,9,0,9109.0,131258.29
WH-D004,恒温保鲜冷库,恒温库,2026-05-26 07:00:00,43.77,3.33,25.9,1,4,0,9022.0,131302.1
WH-D004,恒温保鲜冷库,恒温库,2026-05-26 08:00:00,58.25,3.32,25.7,1,16,0,9118.0,131360.37
WH-D004,恒温保鲜冷库,恒温库,2026-05-26 09:00:00,48.25,3.71,25.2,1,18,0,9041.0,131408.72
WH-D004,恒温保鲜冷库,恒温库,2026-05-26 10:00:00,59.89,4.0,21.8,1,16,1,9365.0,131468.68
WH-D004,恒温保鲜冷库,恒温库,2026-05-26 11:00:00,46.12,4.0,20.8,1,15,0,9469.0,131514.84
WH-D004,恒温保鲜冷库,恒温库,2026-05-26 12:00:00,49.61,3.19,20.5,1,4,0,9569.0,131564.45
WH-D004,恒温保鲜冷库,恒温库,2026-05-26 13:00:00,48.92,2.45,19.8,1,6,0,9328.0,131613.45
WH-D004,恒温保鲜冷库,恒温库,2026-05-26 14:00:00,52.96,2.21,21.4,1,9,0,9525.0,131666.42
WH-D004,恒温保鲜冷库,恒温库,2026-05-26 15:00:00,52.79,2.23,21.5,1,13,0,9506.0,131719.14
WH-D004,恒温保鲜冷库,恒温库,2026-05-26 16:00:00,54.27,2.5,20.7,1,16,0,9491.0,131773.35
WH-D004,恒温保鲜冷库,恒温库,2026-05-26 17:00:00,52.1,1.98,22.4,1,4,0,9509.0,131825.4
WH-D004,恒温保鲜冷库,恒温库,2026-05-26 18:00:00,55.88,4.0,23.3,1,16,1,9556.0,131881.29
WH-D004,恒温保鲜冷库,恒温库,2026-05-26 19:00:00,51.91,3.38,22.6,1,5,0,9573.0,131933.13
WH-D004,恒温保鲜冷库,恒温库,2026-05-26 20:00:00,43.88,3.38,25.1,1,6,0,9572.0,131977.0
WH-D004,恒温保鲜冷库,恒温库,2026-05-26 21:00:00,53.25,3.16,25.2,1,9,0,9333.0,132030.21
WH-D004,恒温保鲜冷库,恒温库,2026-05-26 22:00:00,47.12,2.66,27.2,1,5,0,9371.0,132077.24
WH-D004,恒温保鲜冷库,恒温库,2026-05-26 23:00:00,52.66,1.75,29.6,1,3,0,9190.0,132129.97
WH-D004,恒温保鲜冷库,恒温库,2026-05-27 00:00:00,53.46,1.39,29.7,1,3,0,9282.0,132183.46
WH-D004,恒温保鲜冷库,恒温库,2026-05-27 01:00:00,57.38,0.49,30.6,1,4,0,9275.0,132240.76
WH-D004,恒温保鲜冷库,恒温库,2026-05-27 02:00:00,14.62,4.0,29.5,0,11,1,9204.0,132255.47
WH-D004,恒温保鲜冷库,恒温库,2026-05-27 03:00:00,47.3,3.11,30.0,1,3,0,9046.0,132302.81
WH-D004,恒温保鲜冷库,恒温库,2026-05-27 04:00:00,49.33,3.06,30.0,1,11,0,9088.0,132352.05
WH-D004,恒温保鲜冷库,恒温库,2026-05-27 05:00:00,49.85,2.48,28.8,1,5,0,9283.0,132401.9
WH-D004,恒温保鲜冷库,恒温库,2026-05-27 06:00:00,46.07,1.83,27.2,1,4,0,9173.0,132448.0
WH-D004,恒温保鲜冷库,恒温库,2026-05-27 07:00:00,47.49,1.03,24.3,1,3,0,9151.0,132495.48
WH-D004,恒温保鲜冷库,恒温库,2026-05-27 08:00:00,54.21,3.02,23.9,1,4,1,9039.0,132549.66
WH-D004,恒温保鲜冷库,恒温库,2026-05-27 09:00:00,47.24,3.05,23.9,1,12,0,9052.0,132596.83
WH-D004,恒温保鲜冷库,恒温库,2026-05-27 10:00:00,55.32,4.0,22.6,1,13,1,9201.0,132652.09
WH-D004,恒温保鲜冷库,恒温库,2026-05-27 11:00:00,46.14,4.0,20.3,1,12,0,9396.0,132698.17
WH-D004,恒温保鲜冷库,恒温库,2026-05-27 12:00:00,53.58,4.0,20.2,1,18,0,9246.0,132751.77
WH-D004,恒温保鲜冷库,恒温库,2026-05-27 13:00:00,47.14,3.29,20.1,1,4,0,9435.0,132798.94
WH-D004,恒温保鲜冷库,恒温库,2026-05-27 14:00:00,42.88,3.72,19.3,1,15,0,9542.0,132841.84
WH-D004,恒温保鲜冷库,恒温库,2026-05-27 15:00:00,46.98,4.0,20.3,1,16,0,9624.0,132888.73
WH-D004,恒温保鲜冷库,恒温库,2026-05-27 16:00:00,47.24,3.64,20.9,1,6,0,9763.0,132936.05
WH-D004,恒温保鲜冷库,恒温库,2026-05-27 17:00:00,53.69,3.48,21.3,1,16,0,9926.0,132989.83
WH-D004,恒温保鲜冷库,恒温库,2026-05-27 17:00:00,52.7,3.48,21.3,1,16,0,9926.0,132989.83
WH-D004,恒温保鲜冷库,恒温库,2026-05-27 18:00:00,63.95,4.0,24.1,1,7,1,9721.0,133053.72
WH-D004,恒温保鲜冷库,恒温库,2026-05-27 19:00:00,45.66,3.69,23.7,1,6,0,9703.0,133098.6
WH-D004,恒温保鲜冷库,恒温库,2026-05-27 19:00:00,44.95,3.69,23.7,1,6,0,9703.0,133098.6
WH-D004,恒温保鲜冷库,恒温库,2026-05-27 20:00:00,50.16,2.9,24.2,1,4,0,9735.0,133148.81
WH-D004,恒温保鲜冷库,恒温库,2026-05-27 21:00:00,54.49,2.79,26.5,1,11,0,9727.0,133203.28
WH-D004,恒温保鲜冷库,恒温库,2026-05-27 22:00:00,49.02,3.35,27.1,1,19,0,9666.0,133252.34
WH-D004,恒温保鲜冷库,恒温库,2026-05-27 23:00:00,59.25,3.02,29.3,1,11,0,9594.0,133311.54
WH-D004,恒温保鲜冷库,恒温库,2026-05-28 00:00:00,49.35,2.95,29.8,1,10,0,9590.0,133360.99
WH-D004,恒温保鲜冷库,恒温库,2026-05-28 01:00:00,49.89,2.53,29.1,1,9,0,9376.0,133410.84
WH-D004,恒温保鲜冷库,恒温库,2026-05-28 02:00:00,63.23,4.0,29.4,1,3,1,9367.0,133474.08
WH-D004,恒温保鲜冷库,恒温库,2026-05-28 03:00:00,57.01,3.39,30.4,1,5,0,9332.0,133530.99
WH-D004,恒温保鲜冷库,恒温库,2026-05-28 04:00:00,54.44,2.67,29.5,1,4,0,9356.0,133585.5
WH-D004,恒温保鲜冷库,恒温库,2026-05-28 05:00:00,52.41,2.8,28.9,1,11,0,9260.0,133638.0
WH-D004,恒温保鲜冷库,恒温库,2026-05-28 06:00:00,50.64,2.3,27.3,1,6,0,9103.0,133688.64
WH-D004,恒温保鲜冷库,恒温库,2026-05-28 07:00:00,51.87,2.14,25.6,1,5,0,9183.0,133740.43
WH-D004,恒温保鲜冷库,恒温库,2026-05-28 08:00:00,55.31,2.23,24.4,1,18,0,9223.0,133795.65
WH-D004,恒温保鲜冷库,恒温库,2026-05-28 09:00:00,43.55,1.43,24.1,1,4,0,9116.0,133839.14
WH-D004,恒温保鲜冷库,恒温库,2026-05-28 09:00:00,41.73,1.43,24.1,1,4,0,9116.0,133839.14
WH-D004,恒温保鲜冷库,恒温库,2026-05-28 10:00:00,61.76,4.0,21.6,1,12,1,9204.0,133900.83
WH-D004,恒温保鲜冷库,恒温库,2026-05-28 11:00:00,42.65,4.0,21.5,1,9,0,9101.0,133943.52
WH-D004,恒温保鲜冷库,恒温库,2026-05-28 12:00:00,53.46,4.0,20.1,1,15,0,8841.0,133996.99
WH-D004,恒温保鲜冷库,恒温库,2026-05-28 13:00:00,44.91,4.0,19.3,1,18,0,8960.0,134041.94
WH-D004,恒温保鲜冷库,恒温库,2026-05-28 14:00:00,47.45,3.99,20.5,1,15,0,9128.0,134089.33
WH-D004,恒温保鲜冷库,恒温库,2026-05-28 15:00:00,54.79,4.0,19.7,1,13,0,9119.0,134144.2
WH-D004,恒温保鲜冷库,恒温库,2026-05-28 16:00:00,56.83,4.0,20.1,1,18,0,9047.0,134201.13
WH-D004,恒温保鲜冷库,恒温库,2026-05-28 17:00:00,45.65,3.2,21.0,1,6,0,9066.0,134246.79
WH-D004,恒温保鲜冷库,恒温库,2026-05-28 18:00:00,58.73,4.0,24.3,1,16,1,8904.0,134305.62
WH-D004,恒温保鲜冷库,恒温库,2026-05-28 19:00:00,45.94,2.99,23.7,1,3,0,9134.0,134351.57
WH-D004,恒温保鲜冷库,恒温库,2026-05-28 20:00:00,54.29,3.02,26.6,1,12,0,9224.0,134405.83
WH-D004,恒温保鲜冷库,恒温库,2026-05-28 21:00:00,57.14,2.67,25.5,1,10,0,9293.0,134462.89
WH-D004,恒温保鲜冷库,恒温库,2026-05-28 22:00:00,54.06,2.34,28.5,1,9,0,9176.0,134516.93
WH-D004,恒温保鲜冷库,恒温库,2026-05-28 23:00:00,45.93,2.42,28.1,1,12,0,9058.0,134562.82
WH-D004,恒温保鲜冷库,恒温库,2026-05-29 00:00:00,52.35,1.35,29.8,1,4,0,9203.0,134615.19
WH-D004,恒温保鲜冷库,恒温库,2026-05-29 01:00:00,49.2,0.53,30.7,1,4,0,9504.0,134664.38
WH-D004,恒温保鲜冷库,恒温库,2026-05-29 02:00:00,11.36,3.42,31.5,0,3,1,9472.0,134675.68
WH-D004,恒温保鲜冷库,恒温库,2026-05-29 03:00:00,50.65,2.62,29.6,1,5,0,9598.0,134726.24
WH-D004,恒温保鲜冷库,恒温库,2026-05-29 04:00:00,45.79,2.39,28.8,1,10,0,9669.0,134771.98
WH-D004,恒温保鲜冷库,恒温库,2026-05-29 05:00:00,46.58,1.69,29.0,1,3,0,9698.0,134818.57
WH-D004,恒温保鲜冷库,恒温库,2026-05-29 06:00:00,48.94,1.21,27.2,1,9,0,9725.0,134867.41
WH-D004,恒温保鲜冷库,恒温库,2026-05-29 07:00:00,49.52,1.06,27.3,1,8,0,9649.0,134917.03
WH-D004,恒温保鲜冷库,恒温库,2026-05-29 08:00:00,51.42,0.28,24.8,1,4,0,9674.0,134968.43
WH-D004,恒温保鲜冷库,恒温库,2026-05-29 09:00:00,52.22,-0.59,22.9,1,4,0,9464.0,135020.56
WH-D004,恒温保鲜冷库,恒温库,2026-05-29 10:00:00,-1.0,3.13,22.2,0,9,1,9490.0,135034.51
WH-D004,恒温保鲜冷库,恒温库,2026-05-29 11:00:00,40.5,2.19,21.1,1,4,0,9384.0,135075.09
WH-D004,恒温保鲜冷库,恒温库,2026-05-29 12:00:00,44.21,2.19,21.1,1,9,0,9550.0,135119.38
WH-D004,恒温保鲜冷库,恒温库,2026-05-29 13:00:00,49.53,2.52,20.7,1,12,0,9626.0,135168.9
WH-D004,恒温保鲜冷库,恒温库,2026-05-29 14:00:00,45.57,1.97,20.3,1,6,0,9704.0,135214.48
WH-D004,恒温保鲜冷库,恒温库,2026-05-29 15:00:00,50.73,1.58,19.1,1,7,0,9622.0,135265.17
WH-D004,恒温保鲜冷库,恒温库,2026-05-29 16:00:00,46.79,0.95,20.7,1,4,0,9853.0,135312.02
WH-D004,恒温保鲜冷库,恒温库,2026-05-29 17:00:00,47.12,1.11,22.4,1,15,0,9801.0,135359.21
WH-D004,恒温保鲜冷库,恒温库,2026-05-29 18:00:00,59.23,4.0,21.4,1,16,1,9712.0,135418.47
WH-D004,恒温保鲜冷库,恒温库,2026-05-29 19:00:00,52.57,4.0,23.7,1,12,0,9825.0,135471.03
WH-D004,恒温保鲜冷库,恒温库,2026-05-29 20:00:00,45.74,3.22,24.7,1,3,0,10083.0,135516.78
WH-D004,恒温保鲜冷库,恒温库,2026-05-29 21:00:00,44.54,2.66,27.2,1,4,0,10035.0,135561.23
WH-D004,恒温保鲜冷库,恒温库,2026-05-29 22:00:00,46.83,1.96,28.2,1,10,0,10060.0,135608.11
WH-D004,恒温保鲜冷库,恒温库,2026-05-29 23:00:00,56.41,2.0,28.6,1,12,0,10207.0,135497.06866811652
WH-D004,恒温保鲜冷库,恒温库,2026-05-30 00:00:00,56.85,1.54,29.7,1,9,0,10001.0,135721.41
WH-D004,恒温保鲜冷库,恒温库,2026-05-30 01:00:00,57.14,1.7,30.2,1,12,0,10050.0,135778.62
WH-D004,恒温保鲜冷库,恒温库,2026-05-30 02:00:00,61.09,3.48,29.9,1,4,1,10099.0,135839.69
WH-D004,恒温保鲜冷库,恒温库,2026-05-30 03:00:00,46.95,3.49,29.0,1,12,0,9828.0,135886.54
WH-D004,恒温保鲜冷库,恒温库,2026-05-30 04:00:00,56.89,3.01,29.5,1,11,0,9754.0,135943.5
WH-D004,恒温保鲜冷库,恒温库,2026-05-30 05:00:00,55.22,2.49,29.0,1,5,0,9722.0,135998.79
WH-D004,恒温保鲜冷库,恒温库,2026-05-30 06:00:00,57.46,1.8,29.0,1,6,0,9465.0,136056.23
WH-D004,恒温保鲜冷库,恒温库,2026-05-30 07:00:00,52.76,1.34,26.1,1,11,0,9639.0,136108.89
WH-D004,恒温保鲜冷库,恒温库,2026-05-30 08:00:00,47.53,1.59,26.5,1,16,0,9656.0,136156.47
WH-D004,恒温保鲜冷库,恒温库,2026-05-30 09:00:00,43.45,1.13,23.5,1,4,0,9603.0,136199.94
WH-D004,恒温保鲜冷库,恒温库,2026-05-30 10:00:00,61.25,3.3,21.6,1,9,1,9645.0,136261.16
WH-D004,恒温保鲜冷库,恒温库,2026-05-30 11:00:00,50.01,3.14,20.9,1,9,0,9955.0,136311.18
WH-D004,恒温保鲜冷库,恒温库,2026-05-30 12:00:00,50.71,2.21,21.2,1,4,0,10092.0,136361.97
WH-D004,恒温保鲜冷库,恒温库,2026-05-30 13:00:00,44.79,2.12,21.6,1,13,0,9791.0,136406.8
WH-D004,恒温保鲜冷库,恒温库,2026-05-30 14:00:00,54.48,2.65,19.6,1,18,0,9860.0,136461.34
WH-D004,恒温保鲜冷库,恒温库,2026-05-30 15:00:00,51.23,2.53,20.0,1,13,0,9859.0,136512.55
WH-D004,恒温保鲜冷库,恒温库,2026-05-30 16:00:00,48.56,2.51,19.5,1,10,0,9946.0,136561.08
WH-D004,恒温保鲜冷库,恒温库,2026-05-30 17:00:00,48.54,2.15,22.7,1,6,0,9851.0,136609.68
WH-D004,恒温保鲜冷库,恒温库,2026-05-30 18:00:00,52.53,4.0,22.3,1,6,1,9994.0,136662.22
WH-D004,恒温保鲜冷库,恒温库,2026-05-30 19:00:00,45.09,4.0,23.9,1,12,0,9953.0,136707.38
WH-D004,恒温保鲜冷库,恒温库,2026-05-30 19:00:00,43.34,4.0,23.9,1,12,0,9953.0,136707.38
WH-D004,恒温保鲜冷库,恒温库,2026-05-30 20:00:00,50.58,3.29,25.5,1,7,0,9871.0,136758.01
WH-D004,恒温保鲜冷库,恒温库,2026-05-30 21:00:00,56.05,3.39,26.1,1,11,0,10053.0,136814.13
WH-D004,恒温保鲜冷库,恒温库,2026-05-30 22:00:00,42.14,3.03,26.6,1,5,0,9913.0,136856.34
WH-D004,恒温保鲜冷库,恒温库,2026-05-30 23:00:00,49.44,2.61,27.6,1,9,0,9974.0,136905.88
